Proteomics,RNA,ChIP
a2m,ngfr,Lrrc4c
aamdc,lhx2,Mir101c
abca3,cdh1,Gm5458
abcb9,cdh4,Ly6c2
abcc10,tmprss2,Fgf14
abcd4,pdgfb,Mrgprd
abhd17b,sox9,Gm14496
acp2,myo18a,Vmn1r238
acpp,usp32,P2rx7
actr3,hip1r,Rn45s
actr5,slc13a2,Sfi1
adam10,col6a1,Pisd-ps1
adam9,ckb,Ackr2
adamts1,mef2d,2810429I04Rik
adsl,ell2,Nudt7
adss,fkbp10,Gm8579
aga,tat,2700054A10Rik
agtrap,smo,A630001O12Rik
ahsg,tspan33,Gpm6a
akr1a1,lrp3,Zfp825
akt1s1,ltbp1,Gadd45b
angel1,taco1,Mknk2
ankrd40,bbc3,Nxph4
ankrd54,mov10,Ftl1
ap3b1,rec8,Rpl19
ap3m1,armc6,1700120C14Rik
ap3s1,hltf,Sdsl
ap5b1,nudt14,Dapk1
ap5m1,hdgfrp2,Dux
ap5s1,mcm2,4922502H24Rik
ap5z1,cd36,Axin2
apeh,car11,Slc25a47
aph1a,dlgap1,Eif1a
aplp2,btbd2,Myom1
apob,grik5,Slc25a51
app,inmt,Mapkapk2
appl1,dusp3,Zfp655
arhgap8,cyp17a1,Slc45a1
arhgef40,rps6ka1,Trib1
arl13b,insig2,Slc16a14
arl15,kif20a,Noct
arl8a,hlf,Synpo
arl8b,stat3,Elmod3
armc10,dnmt1,Smo
arsa,cacna1e,G630071F17Rik
arsb,hif3a,Herpud1
arsk,gpx6,Gpr19
as3mt,ctse,Npy2r
asah1,cd33,Gm15441
asmtl,thop1,Inhbc
asns,slc2a9,Tacc2
atat1,wisp1,Irf2bp2
ate1,prlr,Snord116l2
atp11a,slc1a3,Rn4.5s
atp11b,hmox1,Por
atp11c,atp4a,Ppara
atp13a2,mthfd2,Il1r1
atp2c1,nr1i3,Pisd-ps2
atp6ap1,cd247,Gm12596
atp6v0a1,rfx5,Srrm4os
atp6v0a2,ctns,Cog6
atp6v0c,fam131c,Hyi
atp6v0d1,pdk1,Ppp2r5a
atp6v1a,mvd,Hnf4aos
atp6v1b2,prkag3,Atxn2
atp6v1c1,atp7b,Acaa1b
atp6v1d,d130043k22rik,Mir7661
atp6v1e1,krt23,Srsf4
atp6v1f,ttc25,Ldha
atp6v1g1,lsm2,Nr1i2
atp6v1h,zfp775,Glt1d1
atp7b,cav1,Spag9
atp8a1,ift43,Pla2g6
atp9a,ift22,Csrp3
atraid,mid1ip1,Shld1
atrn,fbxw9,E230029C05Rik
atxn3,nfib,Mlana
b3galt6,tmem184b,Apoa4
b3gat3,dqx1,Ubb
b4galt1,ube2g2,Adipor2
b4galt7,slc16a12,Slc25a33
b4gat1,elk1,Zfp36
bach1,tmem86a,Galnt2
bcar1,eya4,BB123696
becn1,apol7a,Ptp4a1
blmh,pigyl,Slc12a3
bloc1s1,vac14,Mir12196
bloc1s2,aim1l,Coq10a
bloc1s6,ehf,Mbd6
brd9,mlkl,A530013C23Rik
bri3,ptprs,Ccny
brox,klhl3,4930480G23Rik
btk,tmem87b,Pisd
c10orf32,map3k4,Il23r
c10orf88,csf1,Mat1a
c15orf39,elmo3,Eda
c17orf59,lrrk1,9230019H11Rik
c18orf8,actn1,Alas1
c1galt1,pcolce2,Rwdd3
c1orf123,clpx,Ptpn1
c1orf131,c4a,Gm30173
c1orf174,hivep2,Gpam
c2orf44,rxrg,Mir101b
c3orf58,gatsl2,Klf9
c4a;c4b,lbp,Dido1
c5orf45,plgrkt,Slc25a42
c6orf106,gtf3a,Map3k7cl
c9orf114,mapkapk2,Mcfd2
c9orf72,brca1,Uox
c9orf91,cntnap1,Cpt1a
calcoco2,plxdc1,Gm12018
calml5,rarb,Ugt1a1
camkk2,wsb1,Neat1
cant1,serinc3,2610005L07Rik
casc3,tha1,Zbtb16
casc4,pltp,Slc7a2
cbs,hnf4a,Tmem56
ccbl1,med1,Sec14l2
ccdc59,vmp1,Ceacam16
ccm2,mtmr4,9130221F21Rik
ccz1b;ccz1,wwc1,4933431G14Rik
cd2ap,slc22a5,Rpia
cd3eap,ccl6,Cyp8b1
cd47,slc25a22,Elovl5
cd55,etnppl,D630033O11Rik
cd63,sec14l4,Dlgap2
cdk13,gipc1,Smgc
cenpf,arhgef25,Pdk4
cgn,rcn3,Asmt
chpf2,pdk4,Scp2
chst14,esr1,Acsl1
cir1,fuca2,1300002E11Rik
clcn3,slc16a10,Sco2
clcn5,aim1,Ankrd33b
clcn7,lin7a,Prf1
clic6;clic5,x1700040l02rik,Ranbp3l
cln3,sgk1,Tbl1xr1
cln5,ahi1,Serpinf2
cmss1,ctgf,Lpin1
col4a1,vnn3,Mrtfb
col4a2,cfap54,Rhbdd2
commd2,socs2,Serping1
coro7,tcp11l2,6030466F02Rik
cpd,cry1,Gm33337
cpe,pah,Igf1
cpq,igf1,Ppp1r9a
cpvl,slc16a7,Slc27a2
creg1,ddit4,C130026I21Rik
crkl,pcsk4,Hjurp
crtc1,apc2,Mir6546
crtc2,gamt,Trpm3
crtc3,mum1,Lamb3
csnk1g3,cobl,Vps13d
ctbs,rab36,Mir3473g
ctps1,phlda1,Tob2
ctsa,mdm1,Mir33
ctsb,col6a2,Cdk1
ctsc,glt8d2,Asl
ctsd,slc36a1,Gm13363
ctsh,adarb1,2810032G03Rik
ctsl,x1810043g02rik,Cdpf1
ctss,cpeb4,Tarbp1
ctsv,tnip1,Cyp2f2
ctsz,tns3,Igfbp1
cux1,btg2,Lifr
cwc25,igfbp1,Cebpb
cwf19l2,adcy1,Mir1894
cxcr4,osbp2,Cldn14
daglb,pold2,Mir21a
ddit4,zkscan17,Nkx2-6
ddx41,xbp1,Sdc4
ddx52,ppm1d,Wdr5
ddx55,acaca,Tat
dgke,shmt1,Hsbp1
dhfr,srebf1,Tcp10c
dhx35,nampt,Oaf
dimt1,pum2,Nfkbia
dirc2,rgs9,Eea1
dnaaf2,slc7a15,Coq8a
dnajb6,rnf144a,Nudt9
dnajc21,slc26a4,Slc25a25
dnajc5,grhl1,Igfbp2
dnase2,sh3yl1,Pim3
dnph1,mmp28,Apoa1
dpp3,ern1,Parvaos
dram2,galk1,Insig2
dsc2,fbf1,Prrc2b
dsg1,cygb,Trp53inp1
e4f1,x0610010k14rik,Sall3
ece1,slc6a4,Plin2
egfr,rflnb,Cln8
eif4e2,rph3al,Stat5b
eif4ebp1,ctc1,Gadd45g
eif4enif1,ntn1,Cccd201
eif5a,acly,Ctif
eno1,pole2,Ttr
eno2,fut8,Ilrun
enpp4,dhrs7,Ak2
ephb2,glrx5,Abca13
epn2,slc10a1,1110015O18Rik
ercc6l,x9030617o03rik,Errfi1
ergic2,fbln5,Rdh16
ergic3,ifi27l2b,Dap
ext2,papln,Gpcpd1
extl2,acot3,Cyp4a32
extl3,fam161b,A530032D15Rik
fam204a,fos,Gm5424
fam20b,x0610007p14rik,Hnf4a
fam3a,tgfb3,Ubr4
fam3c,cyp46a1,Cisd1
fam69b,hhipl1,Acox1
fam84b,fdft1,Ten1
fau,tecpr2,Rsrp1
fdps,spin1,Trpm8
fkbp15,cep72,Dgat2
fkbp7,mctp1,Aass
fkrp,tert,Sp110
flcn,hapln1,Abcd3
flg2,cd180,Tns1
flnb,arhgef28,Wbp1l
flot1,fam107a,Chat
flot2,fst,Kcnk16
fnip1,rgr,Aldh1l1
fnip2,plau,Cyp2d9
foxm1,anxa11,Slc38a3
frg1,hacl1,Mpzl2
frrs1,sh3bp5,Fam32a
fth1,spata13,Mettl8
ftl,cnmd,Pmepa1
fuca1,scara5,Gm29669
fuca2,chrna2,Arsg
fut8,dpysl2,Gm7854
fyco1,pdlim2,0610040F04Rik
fyn,ednrb,Gm4262
fzd7,mbnl2,Tbc1d1
gaa,fyb,Brap
gabarapl1,c9,Scara5
gabarapl2,dab2,Zmiz1
galns,slc7a8,Naa16
galnt1,c6,Cyp17a1
galnt11,fitm1,Gm15638
galnt2,tgm1,Jun
galnt7,ankrd33b,Cbfa2t3
gap43,fam134b,Smim18
gapdh,ywhaz,Ttc39c
gars,slc30a8,Redrum
gba,myc,Ccdc12
gdap2,sqle,Apoc3
ggcx,fbxo32,Mir3075
ggh,gm29394,Sord
ggt7,tbc1d31,NA
gja1,asap1,Pomgnt2
gjc1,ttll8,Gm10354
gla,zc3h7b,Retsat
glb1,fam83f,Lpin2
glce,deptor,Atg7
glg1,sh3bp1,Cdh11
glmp,slc38a2,Vwa8
glo1,ciita,Sec24a
gm2a,bcl6,Slc6a9
gmpr2,nudt16l1,Eef1a1
gnai1,lynx1,Hnf1b
gnai2,mpv17l,Grhpr
gnai3,parn,Gm2447
gnb1,slc7a4,Dctpp1
gnb2,ncam2,Tob1
gnl1,osbpl11,Gm46545
gnl3l,umps,Apbb2
gns,itgb5,Ppargc1b
golga2,btg3,Mycl
golga3,robo1,Creb3l3
golga4,cd86,Ppp2r1b
golga5,arl13b,Slc38a4
golga7,dopey2,Dnmbp
golim4,setd4,Fbxo15
golm1,ifngr2,Bcl6
gorasp1,adcy6,Klf15
gorasp2,lmbr1l,Runx1
got1,asic1,Nr2c2ap
gpatch1,cox14,Hspb8
gpatch4,cela1,Lpcat3
gpc6,nr4a1,Vps26c
gpm6a,cdkn1a,Sirt3
gpr107,slc10a2,Rap2b
gpr137,sult1c2,Leprot
gprasp1,creld2,44986
gprc5b,acat2,Ttpa
gprc5c,sgol1,Angptl4
grb10,cyp39a1,Pik3c2g
grn,fbxl17,Phospho1
gss,nfya,Zpr1
gstp1,fgd2,Slco1a4
gstz1,tff3,Dtx4
gtpbp2,sik1,Loxl2
gusb,emilin2,Hps4
haus4,telo2,Gjb2
heg1,dusp1,Cyp2d22
herc2,thada,Mir203
hexa,slc39a6,Fto
hexb,myo1f,Klf3
hgs,dnajc18,Map3k20
hgsnat,stard4,Cblb
hint1,aqp4,1810026B05Rik
hist2h2ab,snx24,Rxra
hla-a,grpel2,Map3k5
hla-b,nedd4l,Elovl3
hla-dma,asrgl1,Trim25
hla-dmb,fads3,Snord64
hla-dpa1,keg1,Fh1
hla-dpb1,chka,Slc38a2
homer1,vldlr,Rbp4
homer2,rps6ka4,Ergic1
homer3,cyp2c39,Tns2
hoxb9,dclre1a,Insig1
hprt1,ablim1,Pctp
hpse,gfra1,AY761185
hras,fasn,4921525O09Rik
hs2st1,arhgap19,Adam24
hsp90aa5p,hoga1,Hmgcs2
hspa1a;hspa1b,got1,Clk1
hspa6,fyco1,Mfsd1
ibtk,ptprj,Btd
ica1,banp,Mir6237
ict1,rabgef1,1700017B05Rik
ifi30,pstpip2,A730056A06Rik
ifitm2,atp23,Atp6v0e
ifngr1,zfp511,P4hb
il6st,lmntd2,4930459L07Rik
impdh1,tmem80,Plxnb2
impdh2,pnpla2,Afmid
iqcb1,tspan4,Fgg
irak1,farp1,Cyb5a
irgq,tmc6,Ell2
itfg1,nat1,Cat
itih3,arhgef9,Apoa5
itm2b,slc25a10,Gramd3
itm2c,homer2,Ppp1r3g
jtb,fam20c,Cyp2d37-ps
jun,unc5a,Olfr43
katnb1,nrp2,Papss2
kct2,cps1,Abcb4
kiaa0196,slc40a1,Cd24a
kiaa0391,als2,Hilpda
kiaa0930,col3a1,Picalm
kiaa1033,ptp4a1,Tmed4
kiaa1143,il1r1,Mgst1
kiaa1467,stk17b,Zfp36l1
kiaa1549,inpp4a,Got1
kiaa2013,prim2,Ubc
kif14,atic,Ccdc93
kif16b,serpine2,Bphl
kif1a,ngef,Zbtb41
kif1b,gpr35,St3gal4
kif23,cln8,Rab10os
klhl13,acmsd,Ddc
krt1,rgs1,Gm9758
krt10,tfcp2l1,Rassf3
krt14,slc45a3,Nrbp2
krt16,mr1,Ahcy
krt2,rgs16,Ech1
krt5,desi2,Chrna2
krt6a;krt6c,fh1,4833411C07Rik
krt9,apcs,Rarres1
kxd1,nme7,H6pd
lamc1,atp1b1,Idh1
lamp1,ccdc181,Aldob
lamp2,esrrg,H2afy3
lamp3,slc30a10,Acacb
lamtor1,lpgat1,Slc24a1
lamtor2,fam107b,Rab12
lamtor3,frmd4a,Trak1
lamtor4,dusp12,Cd68
lamtor5,ccdc3,Crcp
laptm4a,mgst3,Fkbp8
lchn,fmo3,Txnip
ldhb,fmo4,Sdc1
ldlr,vim,Sephs2
lgals3bp,itga8,Mir101c
lgmn,il2ra,Gm5458
lipa,fam129b,Lrrc4c
litaf,slc25a25,Fgf14
lmbrd1,lcn2,Mrgprd
lmbrd2,cytip,Gm45871
lmtk2,upp2,Igf1
lnpep,kynu,Ly6c2
loh12cr1,zeb2,Irf2bp2
lrig1,ly75,1700120C14Rik
lrp6,frzb,Chd1l
ltf,cers6,Herpud1
m6pr,p2rx3,Gm14496
man1a1,phospho2,Tacc2
man1a2,itga6,Cyp2d40
man1b1,prrg4,Timm21
man2a1,tcp11l1,4931408D14Rik
man2b1,ell3,Gpr19
manba,chac1,Sdc4
manea,slc23a2,Alb
map1lc3b2;map1lc3b,rasgrp1,Shroom1
map2k7,fam98b,Klf9
map7,mcm8,Usp40
map7d3,hdc,Mir29b-1
map9,nphp1,Hjurp
mat2a,bcl2l11,Myom1
maz,ttl,Mir21a
mblac2,il1b,Gm30173
mcmbp,slc52a3,Adam24
mcph1,rbck1,Mup3
mef2bnb,fam209,Tbcb
mfge8,chmp4c,Baat
mfsd1,chrna4,Ccdc12
mfsd12,acss2,A630001O12Rik
mfsd8,epb41l1,BB123696
mgat1,skil,D630033O11Rik
mgat2,pld1,Cd28
mgrn1,nceh1,Reg4
micall1,ect2,Dgat2
mif,smad9,Slc2a2
mios,tm4sf1,Acaa2
mitd1,tsc22d2,Mir12196
mitf,x4930579g24rik,Glt1d1
mlst8,dennd2d,Slc12a3
mmtag2,pmvk,Enpp6
mogs,sass6,Rdh7
mon1b,pla2g12a,Selenop
mospd2,lrat,Nedd4l
mprip,asic5,Pigyl
mpzl1,tdo2,4921525O09Rik
mri1,hcn3,0610031O16Rik
mrpl52,fmo5,Cemip
mtap,chd1l,Hyi
mtor,tmem56,G630071F17Rik
mtpn,rorc,Mcm10
myo6,dapp1,Zfp46
naa15,cth,Nr1i2
naga,adgrl2,Helt
naglu,trp53inp1,Upp2
nagpa,atp6v0d2,Cat
napa,cyp7a1,Gm19510
napg,lmo4,Nsmce3
nbas,epha7,Cobll1
nbr1,x3110043o21rik,Slc25a47
nckipsd,col15a1,Ostc
ncstn,nr4a3,Mat1a
ndfip2,fmn2,Ptp4a1
ndrg1,zfp618,Slc27a2
ndufs1,hsdl2,Plin2
neo1,mpdz,Acnat2
net1,kif24,Uox
neu1,nudt2,Tns1
nfkbie,plin2,Snrnp70
nfx1,hacd4,Gm13363
nhlrc3,plpp3,Mir122
nid1,x2610528j11rik,Igfbp1
nifk,tnfrsf1b,Slc45a1
nisch,podn,Cyp2d13
nkap,cpt2,0610040F04Rik
nop14,svbp,Tmem50a
npc1,pik3r3,Vwa3b
npc2,cyp4a31,St3gal4
nsf,cyp4a14,Cpt1a
nsun5,cda,1700052I22Rik
nucb1,ak2,Abcg8
nucb2,sfpq,Phf12
nudcd2,extl1,4933431G14Rik
nudt1,gpn2,Pik3ap1
nufip1,map3k6,Slc7a2
nutf2,rpa2,Gc
or4d1,xrcc2,Crot
osbp,per3,Gys2
osbpl11,slc2a5,Apoa1
osbpl1a,casz1,Adcy9
osbpl9,slc25a33,Igfbp4
ostm1,fam126a,4921511C10Rik
p2rx4,fbxo44,Ppara
pabpc3,mthfr,Acaa1b
pacsin3,ski,Amy1
pam,kcnip4,Grb2
parp2,sorcs2,4930581F22Rik
pck2,ablim2,Clu
pcyox1,rgs12,Abcc2
pcyt1a,add1,Smyd1
pdcd4,pcdh7,Gpat4
pdcd7,evc,Cpeb2
pde4dip,fosl2,Fbxo31
pebp1,ppargc1a,Klf15
pes1,anapc4,Foxq1
pex1,klb,Aip
pex11b,rhoh,Sucnr1
pgam5,lnx1,Irf2
phf6,clock,Mettl7b
phf8,paics,Ddit3
phpt1,stap1,Bach2
pi4k2a,sult1e1,Cog6
pi4k2b,sult1d1,Ppp1r3g
pik3c3,aff1,Myo18a
pinx1,ccng2,Ubr4
pir,naaa,E030018B13Rik
pitpnb,cxcl9,Cfap100
pitx1,hpd,Cisd1
pla2g15,atp2a2,Hpd
pla2g7,aacs,Serpinc1
plbd2,x2210016l21rik,Pisd-ps1
pld1,mmab,Adk
pld3,rbm19,Ttc39c
plekha3,sdsl,Fah
plekhm2,flt1,BC034090
plod3,col1a2,Coq8a
plscr1,aass,Mrps18b
pm20d2,pcolce,Sar1b
podxl,ppp1r35,Lmod3
podxl2,plxna4,Slc38a4
polr1a,ahcyl2,Mtmr7
polr1b,adcyap1r1,Mocs2
polr2f,trim24,Brap
ppa1,epha1,Brca1
ppat,mad2l1,Umps
ppcs,kbtbd8,Gm2447
ppp6r2,pole4,Phyh
ppt1,nup210,Rpl19
ppt2,slc6a6,Igfbp2
prc1,usp18,Pfkfb3
prcp,tuba8,Errfi1
prkar1a,clec4d,Slc22a23
proser2,klrk1,Eif1a
prps2,wnt5b,Ahsg
psap,etv6,Gnmt
psat1,bcl2l14,Egfr
psen1,fam234b,Mup11
psen2,slco1a4,Abca6
ptgfrn,sspn,Fam20a
ptpn18,atp2b2,Gne
ptprj,caprin2,Tcim
ptprs,tamm41,Ptpn1
pttg1ip,csrp3,Ocln
pum2,cyp2b10,Sult1a1
pzp,kctd15,Lurap1l
qpctl,nr2f2,Cyp2d9
qprt,synm,Fga
qsox2,ttc23,Nadk
rab11fip2,zfp626,Nploc4
rab11fip5,det1,Stard10
rab12,rab30,Gm20110
rab14,dnajb13,Rnf144b
rab1a,cd19,Mtss1
rab1b,gm9755,Mapkapk2
rab21,myh14,Wbp1l
rab22a,aqp8,Mad1l1
rab27a,lcmt1,Lipg
rab2a,disp1,Cyp2d37-ps
rab2b,micalcl,Fgd6
rab33b,pak1,Chd3
rab34,itgam,Insig1
rab39a,adm,Gm13056
rab39b,tead2,A530013C23Rik
rab4a,bcat2,Furin
rab5b,tacc2,Cyp2c70
rab6a,chp2,Ubc
rab7a,gga2,Mustn1
rab9a,dnhd1,Mup16
rab9b,crym,Scp2
racgap1,anks4b,Galntl5
rad23a,acsm5,9030616G12Rik
rala,wee1,Chic2
ranbp1,st5,Myo1e
rap2a,smarca1,Pon1
rap2b,btk,Gstp3
rbmx2,phka2,Hp
rdh14,haus7,Mir7661
recql4,abcd1,Lpin2
reep4,fam3a,Ddi2
rhob,plp1,Eed
rnaseh1,morc4,Adh1
rnaset2,gas6,Tob2
rnf128,coprs,Mir137
rnf13,slc25a15,Eva1a
rnf149,rab11fip1,Fgb
rnf167,ap3m2,Rassf3
rngtt,gpat4,Cccd201
rp9,ido2,Gm19774
rpl23,tenm3,Chchd10
rplp0p6,rbpms,Rbm47
rps11,slc7a2,Dhx8
rps15a,msmo1,Epas1
rps17,galnt7,Galm
rps19bp1,nr3c2,Shmt1
rps23,lrp2bp,Cyp2a22
rps26,cbr4,Pdilt
rps27,mfap3l,Tat
rps27l,hp,Alas1
rptor,mt2,Gadd45b
rraga,mt1,Mrtfb
rragc,slc12a3,Adgrv1
rragd,mast3,Gucd1
rras,psmb10,Zbtb16
rrm1,pla2g15,Clec2d
rrm2,x4931406c07rik,Serpina3m
rrp36,tbx20,Tarbp1
sacm1l,dixdc1,Sys1
scamp3,apoa5,Ass1
scarb1,bace1,Arhgef26
scarb2,mpzl2,Syf2
scpep1,nlrx1,Aldob
sdcbp,hyou1,Sptbn2
sdf4,bmp5,Mogat1
sdhaf3,carm1,Dhrs3
seh1l,myo1e,Mtus1
selo,nnmt,Cnot7
serinc1,idh3a,Dck
serpinb6,tle3,Mrs2
serpine2,ptpn9,Ttll8
serpinf2,x1700017b05rik,Nsun2
setsip,plscr1,Slc38a2
sft2d3,plscr4,Wbscr25
sgsh,dapk2,Mia2
shisa2,zwilch,Rtkn2
shmt1,me1,Slc39a14
siae,nmnat3,Apoa5
sidt2,pik3cb,Aldh1l1
slbp,cspg5,Map3k20
slc11a2,lrrfip2,Dhps
slc12a4,dclk3,Psma6
slc12a9,acpp,Lamb3
slc15a4,cish,St3gal1
slc17a5,hemk1,Ptges2
slc18b1,nckipsd,Ttr
slc20a1,abtb2,Ttpal
slc29a2,ablim3,Nfe2l2
slc29a3,tpcn1,Mup14
slc2a1,gab3,Gm16833
slc2a13,chrm1,Elk4
slc2a3,alas1,Ndufb9
slc2a6,cyp2c38,Mir6400
slc2a8,x2410131k14rik,Msh5
slc30a5,acsl3,Col18a1
slc30a6,fbxo21,Atp8b1
slc30a7,npat,Edc3
slc31a1,lss,Synpo
slc35a1,x3830406c13rik,1300002E11Rik
slc35b2,phldb2,Rprd2
slc35e1,rac2,Hnf4aos
slc36a1,hsf4,Elmsan1
slc37a3,shf,Tmem19
slc38a9,ttll4,Sult2a8
slc39a1,tnxb,Eno1
slc39a3,fntb,Noct
slc39a8,agl,Nr1d1
slc44a1,tagap,Wdr5
slc46a1,cdc14a,Mup8
slc46a3,idua,B930025P03Rik
slc52a2,map3k13,Rbp4
slit2,aw554918,Galnt2
smc1a,gabrb3,Abcb4
smcr8,foxn3,St5
smg1,recql4,Acd
smim1,nrxn2,Oaf
smoc1,ccp110,Madd
smpd1,gde1,Tmem106b
smpdl3a,mga,Gm15638
smpdl3b,tnks1bp1,Bahcc1
snap23,zfp446,Cdk20
snapin,dnah17,Abhd17c
snx11,x4930590j08rik,Tmed4
snx15,kctd7,Pcyt2
snx18,lrrc58,Mir3067
sod1,ogt,Cep250
sorl1,rnf43,Abcd3
sox2,gpc1,Rasgef1b
sp9,hdac11,Per2
spag7,slc25a37,Gm4952
spg11,kctd9,Mup20
spg21,exph5,Efna1
spns1,slc41a2,Man2a1
sppl2a,zcchc11,Myo1b
spryd7,fras1,Rapgef2
sqstm1,pcdh11x,Hs3st3b1
sra1,dsg1c,Mup7
srrm1,b3galt1,Dreh
stard3,cobll1,Gclc
stard3nl,pygo1,Hgd
stk11ip,dhcr24,0610043K17Rik
stom,arl4d,Cyb5a
stx12,tmem106a,Map3k5
stx16,baz1a,Ppat
stx3,eef2k,F730035M05Rik
stx5,wnk4,Ptprd
stx6,ubd,Sec24a
stx7,ror1,Zfand5
stx8,tmem98,4932702P03Rik
stxbp2,haus8,Cyp27a1
sv2a,myo1d,Stk11
syngr1,tgfbi,Etnk2
syngr2,fbxl21,Mogat2
syp,leng8,Mir1981
sypl1,pcdh17,Il1r1
syt1,dcaf10,Wipi2
szt2,iqcg,Scd1
taf8,bbs10,Por
tbc1d5,kiss1r,Mapk14
tbcd,pim3,Mir295
tcof1,alg12,Cyp3a11
tes,palm,Rfxap
tfe3,pawr,G6pc
tfeb,zhx3,Neat1
tgfbr1,cd276,Arid5b
tgoln2,h2.q4,Arg1
timm10b,pknox2,Gsta2
tm2d2,tdp2,Etfbkmt
tm7sf3,fnip1,Tef
tm9sf1,fam214b,Atp8b4
tm9sf3,fam65b,Zfand4
tm9sf4,mbnl3,Cps1
tma16,fam110c,Map3k7cl
tmed1,rbm43,Hnf4a
tmed10,gadd45a,Ten1
tmed3,x9530077c05rik,Gm29669
tmed4,btg1,Acmsd
tmed7,fam13b,Masp1
tmem104,adamts2,Slc40a1
tmem106b,arhgap21,Clip1
tmem106c,eepd1,Ubb
tmem115,ccdc148,As3mt
tmem120a,tmem184a,Alpl
tmem123,amdhd2,Rxra
tmem14c,dchs1,Shmt2
tmem165,ttc7,Tle1
tmem175,lrfn3,Pard6b
tmem179b,foxa2,Gpx5
tmem184c,scd1,Atxn2
tmem192,setd7,Cdc7
tmem206,myom3,Poc1a
tmem222,il22ra1,Cyp2j5
tmem256,fgf2,Ccny
tmem30a,paqr7,Slco1a1
tmem55a,hhat,Tob1
tmem55b,slc30a1,Gm5424
tmem59,vnn1,Lpin1
tmem63a,vash2,Ghr
tmem87a,adgrl3,Lama3
tmem9,h2.dma,Bcl6
tmem9b,inf2,Atp1a1
tmf1,pced1a,Paics
tnfrsf10b,nmrk1,Mir7041
tollip,dusp8,Mup21
tom1,pcdh18,Mup17
tom1l2,ddx60,Eea1
tpbg,bank1,Rbpms
tpcn2,a4gnt,Gm2083
tpp1,fam188b,Idh1
trim41,igsf8,Fbxo15
trim65,dlec1,Fam107b
trim71,cntln,Serpina3k
tsc22d2,gstp2,Lmbr1l
tspan13,plekhg6,Cyp2d22
tspan3,enpp6,Btbd2
tspan31,fam126b,Klkb1
tspan6,fam198a,Ppp2r5a
tspan7,mical2,Elmod3
ttc31,glra3,Amdhd1
ttll4,slc22a23,Eps8l2
ttyh3,trp53inp2,Enpp2
txndc16,txnip,Pxmp4
txnrd1,foxq1,Ranbp10
tyms,poli,Pxdc1
ubiad1,socs7,Acsl1
ubtd2,prr3,Sdr9c7
ugcg,car14,Gm35135
unc50,rad9b,Rreb1
unc5b,saxo2,Ces3a
unc93b1,susd4,Mir6397
upf3b,pptc7,Sord
utp18,capn8,Gjb2
uvrag,pbx3,Adh7
uxs1,angptl6,Gstp2
vac14,elovl3,Vgll4
vamp3,itpkb,Aass
vamp4,garnl3,Gpcpd1
vamp7,a230050p20rik,Dusp6
vangl1,irs2,Acaca
vdac1,x3930402g23rik,Mup12
vnn1,arpin,Flnb
vps11,nexn,Apob
vps16,tbc1d19,Gm5820
vps18,nlrc4,Ube2g2
vps26a,abhd2,Zfp3
vps26b,isg20,Atp2a2
vps29,megf9,Dusp23
vps33a,cdk5rap2,Ces1e
vps35,tnfsf10,Hmgcs2
vps39,hexdc,Acsm5
vps41,sec24c,2810410L24Rik
vti1a,mtmr7,Ints7
vti1b,tspyl4,Mir3075
vtn,cdnf,Phf3
wbscr16,cyp7b1,Apol7a
wdfy1,mmd2,Nr3c1
wdr11,rbms3,Csnk1g3
wdr24,strip2,Ndel1
wdr41,wdr34,Slco1a4
wdr45b,dnajc28,Rlf
wdr59,cc2d2a,Gpt2
wdr6,cep131,Dap
wdr81,cpeb2,Dpt
wdr91,gabbr2,Rn4.5s
xpnpep1,slc44a3,Ugt2a3
xpo5,neurl2,Kmo
xylt2,slc39a5,Mir1948
yars,eva1c,Fgg
yars2,rhbdd2,Eci2
yipf3,tbc1d16,Amn1
yipf4,dtx4,Gm7160
zbtb5,saa4,Nampt
zbtb6,elavl1,Gm4951
zdhhc3,disp2,Klf3
zfp91,baz2a,Gm33337
zfpl1,pnrc1,Clpx
zfyve1,fmo2,Slc25a51
zfyve21,fmo1,Fras1
zfyve26,zfp704,Cdk1
zgrf1,gbp7,Ppa1
zkscan8,sema3d,Ngf
znf146,gbp2b,Gas6
znf281,bach2,Rubie
znf391,cdk6,Spata24
znf548,ddx58,Arhgef37
znf746,suco,Cmip
znf768,cul9,Ablim1
znrd1,ufl1,Id3
zscan26,cdh18,9130221F21Rik
,rc3h1,Smyd2
,spns2,Ergic1
,rabggta,Kng2
,xaf1,Mknk2
,igsf23,Foxa2
,abcg5,Csnk1d
,tlr8,Pagr1a
,wbscr27,Ilrun
,abcb1a,Dnah8
,ildr2,Ube2l6
,erc2,Abcb11
,ppip5k2,Hsd17b3
,dnph1,H6pd
,cyp2b9,Rnd3
,col16a1,Fam32a
,sh3pxd2b,Zfp873
,zfhx2,Slc45a3
,kcna2,Itih1
,slc25a34,Mgll
,siah1b,Nudt4
,hlcs,Cmah
,s100pbp,Nudt7
,slc16a11,Rapgef4
,npnt,Pah
,iffo2,Sik1
,fam117b,Elovl2
,lrit1,Arhgap32
,brca2,NA
,hectd2,Sorbs2
,elovl6,Pigl
,pklr,Tbc1d2b
,rbbp8,Nmral1
,dmxl2,Rwdd3
,adgrf1,Slc17a8
,inhba,Clmn
,ankrd42,Ftl1
,rap1gap,Rusc2
,cldn5,Coq10b
,fam35a,Slc35e2
,syt15,Plpp3
,tmtc4,Ugt1a1
,nlrp5.ps,Pex14
,bicdl1,Nr5a2
,pnpla3,Arhgef12
,pde3a,Zfp36
,gpr155,Eapp
,enc1,Eef1d
,fam169a,Gabarap
,slc16a6,Kxd1
,mvk,Per1
,acacb,Cyp17a1
,armc5,Dnmbp
,bag2,Ptprg
,sgsm1,Mpzl1
,pbrm1,Deptor
,hps4,Mir103-2
,tnfrsf14,Dio1
,arl15,Gm2176
,lgalsl,Cdk15
,ago4,Mir101b
,usp22,Mir7083
,maff,Pim3
,acad12,Gm20319
,arrdc4,Ppp1r3b
,commd10,B4galnt4
,aqp11,Sbf2
,nrep,44986
,zc3h6,Dhrs4
,sbk1,Albfm1
,onecut1,Stat2
,dpy19l1,Gm12596
,pigv,Mob3b
,trim56,Slc35b3
,lrit2,Grhpr
,epop,Ankrd46
,kcns3,Smc4
,vwce,Hmgb1
,fmn1,Hsd17b13
,a830010m20rik,Gphb5
,fam19a2,Trib1
,nhlrc1,Ak2
,pced1b,Snrpc
,pcsk9,Lpp
,marveld1,Spg20
,snhg11,Trim2
,bc024139,Fnip2
,dsg2,Tmc7
,lingo4,Nnmt
,dnd1,Nfil3
,zbtb7c,Cp
,kcnj10,Lncpint
,defb1,Ahcy
,pwwp2a,Angptl4
,sft2d3,Rsrp1
,fzd5,Plekha5
,cirbp,Hs6st1
,fahd1,1810026B05Rik
,ttll13,Cd302
,spred2,Shld2
,wdr89,Tprkb
,sprn,4933425B07Rik
,mms22l,Asic5
,slc16a5,Vps13d
,zfp36l2,Iqch
,slc25a51,Gm7008
,igfals,Vwa8
,patl1,Adh4
,ai464131,1190007I07Rik
,stxbp6,Osbpl1a
,ermp1,Rpl36
,yod1,4933406D12Rik
,kcnk6,1810008I18Rik
,ar,Ttpa
,bdh1,Arrdc4
,ccdc66,Pcgf1
,atp10d,Hsd17b2
,hnf4aos,Snora20
,zbtb21,Nlrp6
,spsb4,Nat8f2
,x1700001c19rik,Hykk
,cdh19,Slc38a3
,cldn2,Shb
,gpr68,Clic4
,arl4a,Cyp3a13
,rnf152,Wwox
,fbxo30,Smad3
,trpt1,Smim18
,bc025446,Serpina1a
,samd9l,Suclg2
,fbxo40,Rnase13
,atg16l2,Slc25a17
,phf13,Kat2b
,cd300lf,Atoh8
,angptl8,Pxn
,stx19,Plcb1
,marcksl1,Hectd1
,col6a3,BC024386
,pdp2,Cd300lg
,fam171b,Rnf149
,ccdc57,1700018L02Rik
,fam212b,Gabarapl1
,jaml,Rab3gap2
,thnsl1,Nr0b2
,e130311k13rik,4930545H06Rik
,ccdc169,Taok3
,tmem53,Cpt2
,insc,Cpn2
,nr1h5,Trf
,themis,Akr1c14
,smcr8,Insig2
,rarres1,Malat1
,tmem241,Slc35d1
,aff4,Rab4a
,sall2,0610039K10Rik
,clip1,Fam151b
,orai1,Ppfibp1
,lig4,Pank1
,gal3st1,Cutc
,fzd4,Thrb
,fam161a,Reep6
,zfp697,Tmem38b
,vwa3b,Hlf
,eva1b,Mymx
,tmem220,Bloc1s4
,prag1,Saa1
,slc25a2,Scarb1
,ppp1r3g,Map7
,kcnb1,Bri3
,lrrc4c,Nfib
,fam78a,Ppp1r37
,ubald2,Art2b
,olfr164,Cyp3a25
,zfp940,Prune1
,p2ry10,Stat5b
,prkca,Lnx2
,adgb,Nectin1
,olfml1,Gbe1
,rpusd3,Kng1
,gen1,Zic1
,ppp1r37,Plekhh3
,cd14,Inhbc
,cbr1,1700063D05Rik
,irf2bp2,Fkbp5
,nlgn2,Gna12
,sox12,Pck1
,mest,45178
,sec31b,Nln
,btla,Jade1
,klf13,Cln8
,d630039a03rik,Psma1
,sema5b,Il6ra
,ankrd44,Ccdc141
,b630019k06rik,Slc29a1
,acot4,Wdr45b
,epha3,Slc16a12
,nav2,Zcwpw1
,robo2,Slc25a13
,pbx1,Cryl1
,a1cf,Nfia
,jun,Ces1d
,jam2,Ackr2
,clec12a,Ppargc1a
,x9030619p08rik,Mup22
,bcl3,Slc19a2
,slamf8,Birc6
,hhipl2,Als2
,kdm3a,Lyst
,tanc2,Glyat
,rpia,Txnip
,nudcd3,Ahctf1
,sh2d4a,4833422C13Rik
,mat2a,Colec12
,skida1,Hopx
,syne3,Pcx
,sytl5,Tmem17
,tmem62,Ostm1
,mmrn1,Cyp2a5
,pm20d2,Nr2f6
,rnd1,Mesp1
,dsp,Gm15441
,klhl5,Setdb2
,commd5,Slc3a1
,rab39,Gpx1
,arntl,Polr2b
,ntrk2,Sdr42e1
,them7,Tnfrsf8
,tead1,Ip6k2
,tns1,Nrbf2
,epm2a,Sem1
,lair1,Gsta3
,spink5,Hnrnpa3
,klhl26,4833411C07Rik
,abcd2,Inpp4a
,izumo4,Nrp1
,per2,Slc22a16
,gm9989,Sc5d
,st3gal5,Atl2
,ai504432,Ldlr
,ncoa4,Gaa
,tgoln1,Hexim1
,med12l,Cpox
,chd9,Slc25a33
,them6,Tox
,prelid2,Rad54l2
,a730036i17rik,Osgin1
,nfil3,Dapk1
,c330011m18rik,Fam227a
,gulp1,Homer2
,gjc3,Gabbr2
,ces1d,Got1
,ero1lb,Slc33a1
,lepr,Psenen
,olfr541,Slc13a4
,smco4,44987
,idi1,Spsb4
,rrp1b,Plk3
,igf1os,Ccdc93
,frem1,Ifnk
,gm12715,Foxo3
,r74862,Gm46545
,eda,Map4k3
,rcan3,Arhgap29
,flot1,Atf6
,kcnh7,Ttc23
,fdps,Sult1c2
,rgs3,Cmtm8
,atl2,Snord104
,dbp,Nucks1
,mug1,Mfsd4b1
,atp8b4,Gm16090
,slc35e3,Gcnt2
,cend1,Papss2
,zfp937,Thrsp
,trim5,Man1a
,irak2,Ephx2
,tor3a,Szrd1
,tnfrsf19,F11
,ipmk,Adipor2
,intu,Nr1h4
,gstp1,Rnf169
,serpina6,Grb14
,csmd1,Dsc2
,tmem263,Fra10ac1
,fnip2,Susd6
,sfmbt2,Bphl
,taok3,Arid4a
,cxcl12,Cyp2e1
,zfp873,Kynu
,cracr2a,Lrp1
,hipk2,Aurkb
,sec22c,4930594M22Rik
,ksr2,Hnrnpa0
,akap6,Tmem56
,mdc1,Gm11266
,kalrn,Optn
,ccdc62,Lsm2
,ssbp3,Ap3m1
,abca14,Aqp9
,obp2a,Xdh
,hsd3b3,Pid1
,fabp4,Chd7
,tlr12,C730002L08Rik
,cys1,Dlgap1
,ei24,Gm26684
,csprs,Ccdc172
,parp10,Agtr1a
,usp31,Zfp445
,tmed5,Ccdc169
,ddo,Sall1
,plppr1,Inhbe
,d630045j12rik,9430083A17Rik
,slc22a28,Serpina1e
,hsd3b2,Khk
,chd4,Trp63
,srrm4,Hes1
,cyp4a32,Itm2b
,nr6a1,Rabep1
,vrk2,Mir6715
,paqr9,Bcar3
,plcxd1,Gpam
,c330021f23rik,Ugt1a6b
,cyp4a12a,4933440J02Rik
,cyp4a10,Slc26a1
,mup21,Tmem131l
,pomgnt2,4930429D17Rik
,rtp3,Asb13
,gm16551,Ech1
,hmcn1,Ier2
,rps12.ps3,Dock1
,nipal1,Abca1
,capn6,Dpys
,slc22a27,Klhdc7a
,zfp760,Zc3h4
,cenpm,Mlxipl
,zfp442,Dpyd
,lgals1,Chd2
,amn1,Adh6-ps1
,nat8f4,Slc25a15
,chrac1,Akap13
,gm4841,Mup15
,sort1,Nr2f2
,selenbp2,Slc25a25
,msto1,2810013P06Rik
,zfp619,Eef1a1
,zbtb10,Hhex
,rdh16,Plg
,pex11g,Iqgap2
,cacng7,Zfp36l2
,irgm2,Minpp1
,x9930111j21rik1,Itih2
,hba.a1,Slc17a3
,x3000002c10rik,Mtch2
,mpzl3,Apobec1
,x4930581f22rik,Btg1
,prok1,Dnajb4
,etnk2,Mup1
,ren1,6820431F20Rik
,x1700029j07rik,Col19a1
,setdb2,Stim2
,map3k5,Cntrl
,hpcal1,Tymp
,csf2rb,Gltpd2
,mcc,Lima1
,fam84b,Erlin1
,lyrm9,Ppp1r10
,plac9b,Fam214a
,gm10044,Hnrnpl
,serpina1e,Ch25h
,acot1,Trp53inp1
,gm10447,Cfap54
,xlr3b,Srp14
,x5031425e22rik,Ldha
,x1810058i24rik,Atf7ip
,zfp449,Shld1
,h2.q6,Lims2
,h2.ab1,Tmbim6
,eme2,Rab32
,pnldc1,Zfp395
,fbxo36,Ivns1abp
,mup14,Tor1aip1
,mup11,Adhfe1
,mup7,Dpep2
,osgin1,Gpt
,fam169b,H2-Q10
,gm6658,Slc22a6
,adh1,Npc1
,gm10643,Pipox
,gm10644,Leprot
,zfp94,Pik3r1
,gm15441,Cacna1h
,gm10699,Acsm1
,zfp872,Irak2
,gm14296,Anks4b
,ankub1,Dlat
,gm826,Vmp1
,zfp950,Hjv
,thbd,Lifr
,arrdc3,Rtkn
,gas2l3,Otulin
,gm10762,Bcl3
,itpripl1,Apoc1
,slc22a29,Tmprss4
,znhit2,Arrdc3
,fign,Rgs8
,x1700001l05rik,Chdh
,cyp2d37.ps,Slc17a2
,urad,Fdx1
,x6330403l08rik,Pbld1
,klhdc7a,S1pr1
,raet1d,Dapk2
,cfap74,Fem1a
,cyp4a12b,Dido1
,x1810010h24rik,Gm10451
,g6pc,Steap4
,mup20,Zfp809
,mup18,Id2
,mup16,Cbs
,mup10,Gm28856
,mup1,Gm20337
,mup9,Mcl1
,gm5150,Mga
,igtp,Csrp2
,gm14322,A330041J22Rik
,gm14418,Cacna1d
,gm14305,Gtf2a2
,cpt1b,Gm7854
,slc45a4,Gm1968
,prnp,Hivep2
,prox1os,Sh3bp5
,xirp1,Sirt3
,x2310009b15rik,Gm19345
,clec7a,Plekha8
,st6galnac4,E230029C05Rik
,utp14b,Abca8b
,nat8f6,Slx1b
,h2.q1,Snx13
,tmsb10,Gm16548
,h2.dmb1,Tyms-ps
,tmem243,Thap2
,gm13573,Farsb
,gm25776,Epha2
,gm11252,Slco1b2
,gm13880,Fbxl17
,gm14373,Lipa
,hmgb1.ps3,Derl1
,gm15369,Srd5a1
,gm14335,Cyp4v3
,gm15746,Wdr89
,btc,Dot1l
,gm15374,Mir1943
,gm15371,Setd4
,gm7816,Rtn1
,gm15376,Acad11
,gm13502,Kpna2
,gm7599,Zfp653
,gm11340,Tada2a
,gm15375,Plcxd2
,gm15550,Mindy2
,gm2568,Cyth1
,x5830444b04rik,Camk1d
,c630043f03rik,Ndufa6
,gm15611,Adamtsl5
,gm11789,Cnst
,rapgef4os2,Cidec
,x2810455o05rik,Lpcat3
,egfros,Dbp
,gm11423,Hnf1b
,bc028777,Lrpprc
,snhg3,Azgp1
,gm15965,Rbpms2
,x4833418n02rik,Acbd5
,gm16348,Slc6a13
,gm15343,Gata4
,x4930412c18rik,Yeats4
,a730017l22rik,Herc4
,gm13449,Ints3
,a330035p11rik,Ankrd28
,gm15163,Gm5643
,zfp703,Mir365-2
,cd63.ps,Morc3
,gm2788,0610040J01Rik
,gm15318,Wrnip1
,wipf3,Pitpnm2os1
,gm12354,Comt
,gm15328,Ostf1
,x9030622o22rik,Prelp
,srrm4os,Sdha
,rapgef4os3,Bbox1
,gm12840,Ell2
,gm15408,Fam181a
,gm16157,Ablim3
,x2810403d21rik,Cadm1
,gm15743,Gck
,gm11827,2010106C02Rik
,b230206h07rik,Hacl1
,snhg20,Wdr26
,gm15956,Setmar
,x4930481a15rik,Itpr1
,x2610027k06rik,Sec14l2
,gm13387,Hadh
,ai662270,Ces2d-ps
,gm15545,Ggcx
,e130307a14rik,Gm16157
,gm15261,Ugt1a5
,e030042o20rik,Rbfox2
,e230016m11rik,Arhgef3
,x1810021b22rik,Xkr9
,bc065397,Slc16a10
,gm11752,Lrrc74a
,gm11266,Gm35986
,zmiz1os1,Ppp1r15b
,gm16576,Gfra1
,x1500017e21rik,Dmrt1
,zfp111,Cnot1
,gm11773,C8a
,x1200007c13rik,Tm4sf4
,gm16291,Pop7
,gm16559,Bpgm
,ugt1a8,Tex2
,tgfbr3l,1700113H08Rik
,x3632454l22rik,Agtpbp1
,gm15950,Insr
,gm8113,4930524O05Rik
,ugt1a5,Kansl1
,ugt1a7c,Lrp5
,ugt1a10,Sec14l4
,ugt1a2,Lasp1
,x4930524o07rik,Mllt10
,adh6.ps1,Pde4b
,x4933411k16rik,Tnfrsf1b
,gm17024,Cyp3a59
,gm765,Dtx4
,gm17300,Trafd1
,phf11c,Tmco4
,gm19840,Gm2061
,smim13,Tbc1d1
,gcnt4,Angptl3
,gm17167,Ppm1b
,cyp4f17,1700045H11Rik
,ces2h,Sik3
,gm8251,Mical3
,cyp2a22,Trim24
,b930036n10rik,Pdhb
,bc049352,Cyp4a32
,gbp11,A730008H23Rik
,serpina4.ps1,Gm21119
,gm17907,Gm44805
,gm20632,4930431P22Rik
,prox2os,Hadha
,hmgcs1,Rnf217
,gm21967,Mgst1
,purb,Eif4b
,fsbp,Mlf2
,gm14403,Them4
,mup12,Sertad1
,gm22614,C730036E19Rik
,e030018b13rik,Zfp36l1
,gm25890,Apoa2
,dynlt1f,Fahd1
,tes3.ps,Ugt2b36
,smlr1,Fn1
,mup15,Zfp239
,mup17,Slc35g1
,psmb9,C2cd2
,cyp2d12,Pomt1
,gm21816,Pttg1ip
,gm26546,Zdhhc16
,gdap10,Dexi
,gm26860,Cnn3
,x9430037g07rik,Tbcc
,c330013e15rik,Zfp385b
,x9330111n05rik,Serpind1
,d130020l05rik,Sorbs3
,a530020g20rik,Pla2g6
,gm10524,Gm5627
,cep83os,Dpp9
,x1010001n08rik,Cdk12
,gm16907,Rere
,d130017n08rik,Rai14
,gm26835,Plin4
,a930038b10rik,Eif4g1
,gm26871,Tgif1
,x1700007l15rik,Mir8110
,x1700028e10rik,Tram2
,gm16793,Mkln1os
,gm26719,Rassf5
,gm26744,Hpgd
,gm8941,Ucma
,gm26782,Ern1
,gm26584,Ebpl
,gm26642,Serpina1c
,x4732463b04rik,Mgat4c
,gm26809,Ces2a
,gm26856,Sorbs1
,lppos,Dusp1
,a130014a01rik,Acap2
,gm26981,D6Wsu163e
,gm7909,Mfsd7a
,sowahc,Spen
,gm27043,Stk40
,gtpbp4.ps1,P2ry1
,obox4.ps2,Tuba4a
,x0610031o16rik,Nt5c3
,obox4.ps3,Bcl2l14
,gm28836,Zfp655
,gm18301,Marcks
,gm8883,Gm7550
,x2810402e24rik,Dcps
,x1700018l02rik,Fmo1
,x2310034o05rik,Slc25a39
,x1810053b23rik,Ino80c
,vmn1r90,Asgr1
,gm29666,Agt
,gm28875,Asl
,gm28818,Setd1b
,gm5524,Arpc2
,x4732465j04rik,Areg
,gm29571,Pgpep1
,gm29562,Junb
,k230010j24rik,Fam76a
,gm20257,Scarna17
,c730036e19rik,Raph1
,c230085n15rik,Usp6nl
,x9430053o09rik,Sepsecs
,gm38345,Asgr2
,a430110c17rik,Snrk
,gm37465,Cyp2d10
,pcdhga12,N4bp2l1
,gm37370,Samd8
,gm38340,Mir6244
,d930036k23rik,Cyp8b1
,gm38377,Tdrd7
,naaladl2,Pzp
,c130023a14rik,Trak1
,gm37084,6430550D23Rik
,gm3807,Acox2
,gm37946,Smap2
,gm37349,Mep1b
,gm20236,Tubd1
,gm37978,BC031181
,gm37729,Mafg
,gm37159,Retreg1
,gm38091,Apoe
,gm38357,Srsf1
,gm37403,C9orf72
,gm37402,Elovl5
,gm38303,Ank3
,gm38001,Mrnip
,gm37666,Map2k6
,gm38070,Hacd3
,gm37768,Lpar6
,gm37072,Apba3
,gm37094,Slc16a7
,gm37651,Fam169b
,gm37060,Fndc3a
,gm37940,Ang
,gm38071,Meiob
,x5330406m23rik,Ap1m1
,gm38129,Ugt2b35
,gm38248,Prodh
,ighd,Tagln
,gm36638.1,2310043O21Rik
,gm37174,Ly86
,gm38283,Mir6411
,c130089k02rik,Derl2
,gm37034,Rad51b
,gm38010,Mir3970
,gm37163,Mgat1
,gm43314,Ppp4r3a
,gm43022,Phlda1
,b230334c09rik,Mir680-3
,gm35570,Gtf2a1
,gm31121,2310001H17Rik
,gm42944,Hsp90ab1
,gm19104,Mir1931
,gm43504,Atrn
,gm43075,Pou5f1-rs4
,gm42796,Rfx4
,gm42427,Mug1
,gm42428,0610009B22Rik
,rpl36a.ps2,Mars
,gm42615,Usp3
,gm43328,1700007F19Rik
,gm43305,Gm13133
,gm43605,Lepr
,gm43292,Cdk3
,gm35986,Bcar1
,a230001m10rik,Cirbp
,gm43189,Pdia5
,gm43611,Ndufb3
,gm43609,Sugp2
,gm43072,Gm4956
,gm43081,Fchsd2
,gm42987,Hsf2
,gm19409,AI314278
,gm7652,Naa80
,gm21049,Mafb
,gm42508,Slc22a7
,gm43750,Tmcc1
,gm43042,Ap5s1
,gm43795,Uqcc1
,gm43792,Tuba1b
,gm20559,Mpc1
,x5930430l01rik,Rhobtb1
,gm42715,Proc
,gm42867,Pcsk1
,gm43588,Aldh4a1
,gm44244,Wbp2
,e330037g11rik,Slco2b1
,gm44104,B2m
,gm44005,Cebpa
,gm44044,Prox1
,gm44321,Crls1
,gm44401,Afmid
,gm44086,Cyp2c23
,gm18609,Pard3
,gm43999,E130102H24Rik
,x9330102e08rik,Pacsin2
,ac132412.1,Nxph4
,gm44243,Atg5
,x1810059h22rik,Ehmt1
,gm45053,Park7
,gm45206,Angptl8
,gm45025,Dennd5b
,gm44639,Dio3os
,particl,1700083H02Rik
,gm44787,Sos2
,ac154141.1,Met
,gm45792,Arhgap23
,gm45221,Cth
,x2210406h18rik,Hmx1
,gm19950,Pnrc1
,gm44888,Zmynd8
,gm44873,Uvrag
,gm44669,AA388235
,gm44570,Habp4
,x4930513n20rik,Pde3b
,gm44744,Rspry1
,gm45220,Ddc
,gm45223,Mir12180
,gm4756,Saxo1
,gm45222,Nt5c2
,gm45597,Sp3
,bc024386,Abhd14a
,gm35315,Dstn
,gm45338,Dst
,e330011o21rik,Echdc2
,gm45819,Mt1
,gm45254,Pyroxd2
,gm45526,Acat3
,gm45435,Got2
,gm45293,Ccs
,gm45424,Bhmt2
,gm45301,Hpx
,gm42031,Pcdh20
,gm45724,Spin1
,gm45909,Dpf2
,gm45776,Crebl2
,gm45774,Eif1
,gm7807,Mettl7a3
,gm45731,Ext1
,ac079245.1,Haao
,ac122326.1,6430706D22Rik
,ac171277.1,Dnajc12
,ac151730.1,Gpr182
,ac159886.2,Zfp970
,ac125374.3,Gm826
,ac098716.1,Shc1
,ac159810.1,Cdo1
,ac153524.1,1300017J02Rik
,ac153821.1,Nsd1
,ac135641.1,Trcg1
,ac117236.1,Mpc2
,ac153517.1,Sgk2
,ac125041.3,Ppp2r5e
,ac153547.1,Tsku
,ac172027.3,Tie1
,ac174776.1,Gckr
,ac155941.4,Hist1h1c
,al645643.1,Ece1
,ac141642.1,Csrp3
,ac120347.1,Adgrl2
,ac117226.2,4922502H24Rik
,ac159193.4,Cela3a
,ac133934.1,Zcchc2
,ac152827.1,Gm16551
,ac122828.2,Fbp1
,ac162181.1,Serpina6
,ct010575.3,AI182371
,ct010460.1,2310005A03Rik
,ct009757.4,Gm14327
,ct010460.2,Bach2os
,ct030159.2,Ero1lb
,ac124426.4,Pqlc1
,ac156569.1,B4galt5
,ct009757.7,Klb
,,Fh1
,,Sephs2
,,Zfp217
,,Lap3
,,Pacsin1
,,Gm17359
,,Bhlhe41
,,Lrig2
,,Spata13
,,Cyp2a12
,,Zfp825
,,Nup54
,,Abcc6
,,Mup13
,,A1cf
,,Stat6
,,Cxcl10
,,Tedc2
,,Col14a1
,,Tmem136
,,Cxcr1
,,Apoc3
,,Pgap1
,,Trp53inp2
,,Xpo7
,,Plxnb2
,,Arf1
,,Synj2
,,Shfl
,,Ctnnd1
,,Mir6376
,,Jph4
,,Nadk2
,,Rnd1
,,Cks2
,,Ndst1
,,Abhd5
,,Cgn
,,Cpb2
,,Smim13
,,Inmt
,,Tnks2
,,3930402G23Rik
,,Tle3
,,Retsat
,,Rhoa
,,Zfp1
,,Abhd6
,,Stard4
,,Pnkd
,,Eif4g3
,,Ipmk
,,Gramd3
,,Rhof
,,Klhl25
,,Lactb2
,,Kcnt2
,,Rbms1
,,Plekha4
,,Slc2a5
,,Ces1c
,,Stard13
,,Gpr146
,,Fabp12
,,Hnf1a
,,Adam2
,,Gde1
,,Numb
,,Naca
,,Lgals9
,,Gm15908
,,Tgoln2
,,Gstm7
,,Slc25a10
,,Ssr1
,,0610030E20Rik
,,Gm32141
,,Sox5
,,Tnrc18
,,Cs
,,Hnrnpu
,,Creld2
,,Wasl
,,Gemin2
,,Marveld3
,,Aff4
,,Snai2
,,Tmem220
,,Dhx33
,,Rmdn1
,,Wdr18
,,Glud1
,,Ehhadh
,,Rad23a
,,Aldh8a1
,,Crcp
,,Tdo2
,,Hist1h2bc
,,C230037L18Rik
,,Arl4d
,,Pbrm1
,,Mbnl2
,,1700016G22Rik
,,Rhbdd2
,,Siah2
,,Nudt12
,,Gdf15
,,Ifi47
,,Foxn3
,,Gm2011
,,Afm
,,Hacd2
,,Carhsp1
,,Rbm39
,,Ypel2
,,Ces3b
,,9130230L23Rik
,,Gm10007
,,Sgo1
,,Cyp2d11
,,Mink1
,,Hsd3b3
,,Tbcel
,,Fam13a
,,4933411K16Rik
,,Pycrl
,,Dazl
,,Lmln
,,Selenot
,,Cald1
,,Dmrt1i
,,Sec16b
,,Chd9
,,Gm32511
,,Ptprj
,,Smg6
,,Cdc42bpb
,,Apoc2
,,Xpot
,,2210417A02Rik
,,Qsox1
,,A230028O05Rik
,,Aldh2
,,6430710C18Rik
,,Slc20a2
,,Ccdc38
,,Fggy
,,Etohd2
,,2900026A02Rik
,,Slc17a1
,,Gm20383
,,Cldn3
,,Prr16
,,Mir22hg
,,Gm16573
,,Ino80e
,,Gm16062
,,Lrig1
,,Zfp219
,,Secisbp2l
,,Spg7
,,Adck5
,,Gcat
,,Ctif
,,Gcgr
,,Grsf1
,,Acp1
,,Ppargc1b
,,Afap1l1
,,Grk2
,,Ficd
,,Depp1
,,Cys1
,,Cacul1
,,Col28a1
,,C8b
,,Nudt9
,,Fcgr3
,,Copg1
,,Sumo3
,,Ccng2
,,1600020E01Rik
,,Baiap2
,,Rcan1
,,Iah1
,,Eef2
,,Foxp1
,,Edem1
,,Fabp2
,,Upf1
,,Ralgapa2
,,Ung
,,Fam160b1
,,4933406I18Rik
,,Slc27a5
,,Gns
,,Fmo5
,,Sfxn1
,,Gm3776
,,Mir193a
,,A330035P11Rik
,,Gm10030
,,Serpina1d
,,Gm15713
,,Sbk1
,,Lrrc58
,,Platr4
,,Sgpl1
,,Nolc1
,,Clvs1
,,Pcdh1
,,Papss1
,,9330133O14Rik
,,Plscr2
,,Fetub
,,Esd
,,Morf4l1-ps1
,,Cyb5r1
,,Ndrg2
,,Bdh1
,,C1ra
,,Snx24
,,Ccdc25
,,Tmem250-ps
,,5033403H07Rik
,,Ugt1a10
,,Bcr
,,Nostrin
,,Psen2
,,Kyat3
,,Apoh
,,Proser2
,,Cpn1
,,1110002J07Rik
,,Sec31a
,,Syt15
,,Plpbp
,,Wdr62
,,Fabp1
,,Hook3
,,Cab39l
,,Dazap1
,,Mynn
,,Lgsn
,,BC005537
,,Gm16291
,,Selenbp2
,,1700101I11Rik
,,Grem2
,,Ndufa8
,,Fam222b
,,Kcnk16
,,Fam25c
,,Efcab5
,,Slc7a15
,,Mup19
,,Mindy4
,,Med28
,,Uqcrq
,,Eif4ebp3
,,Pigu
,,Picalm
,,Cdh2
,,Fxyd1
,,Raf1
,,P4hb
,,Fry
,,Zyg11a
,,Cep85l
,,Tns2
,,Dapk3
,,Birc5
,,C730014E05Rik
,,Dlc1
,,Lgals8
,,Taf1a
,,B3galt1
,,1700102P08Rik
,,Gm5532
,,Mrto4
,,Znfx1
,,Bhlhe40
,,Syt6
,,Snd1
,,Runx1
,,Mir5123
,,Tbl1xr1
,,Klrb1
,,Trim72
,,Mamdc2
,,Kbtbd12
,,Reep3
,,Paqr9
,,Vegfa
,,Actr8
,,Myh9
,,Gpatch3
,,C77080
,,Rdh1
,,Sash1
,,Cnppd1
,,Daam1
,,9430078K24Rik
,,Hif1a
,,Mnd1-ps
,,Gm11149
,,Pcsk9
,,Upf2
,,Lncppara
,,Snora26
,,Atp13a3
,,Hnrnpll
,,Fam13b
,,4930503O07Rik
,,Irf1
,,Gm16907
,,Fst
,,Stbd1
,,Klf11
,,Gm3219
,,Gmcl1
,,Hsd17b6
,,Plekha6
,,Gm8883
,,Kif13b
,,Mab21l3
,,Bcl2l1
,,Akr1d1
,,4930547E08Rik
,,Parp16
,,Fbxo21
,,Ggnbp2os
,,Hfe
,,Pdlim1
,,Aars
,,Slc22a15
,,Ston2
,,Kdm6b
,,Slc2a9
,,Cxcl1
,,Proz
,,Lin37
,,Smlr1
,,Mpzl2
,,Gtpbp2
,,Rora
,,Exph5
,,Chrdl2
,,Kyat1
,,5830454E08Rik
,,Epb41
,,Acy3
,,Gm13490
,,Zmiz1
,,Col15a1
,,Sh3bgrl3
,,Sds
,,Sf1
,,Sall3
,,Acat1
,,Arhgap18
,,Qprt
,,Ntf3
,,Txnl4a
,,Txn2
,,Gnpda1
,,4930522P08Rik
,,Nrn1
,,Ppp2r5b
,,Mansc1
,,Myo7a
,,Rmc1
,,Hist2h2bb
,,Retreg3
,,B330016D10Rik
,,Slc25a37
,,Cblb
,,Cers2
,,Prlr
,,Slc30a5
,,1700020M21Rik
,,Cldn1
,,Slc25a23
,,Stom
,,Gm20758
,,Scara5
,,Cped1
,,Hdc
,,Larp4b
,,Cfhr2
,,Leap2
,,Iffo2
,,Oca2
,,Gsk3a
,,Caprin1
,,2810471M01Rik
,,Pde8a
,,Ugt2b1
,,Nek4
,,Ldah
,,Mir12201
,,Cdpf1
,,Artn
,,Sort1
,,Acox1
,,Xbp1
,,Zfp207
,,Ctsb
,,Adtrp
,,Ptrh2
,,Armc1
,,Elavl1
,,Pitpnc1
,,Prkag3
,,Cbx8
,,Zhx3
,,Gm10319
,,Gm11437
,,Mttp
,,Srsf4
,,Rn45s
,,Srebf1
,,Fto
,,Txnrd2
,,Cyp7b1
,,Hrg
,,Ugp2
,,Rdh16
,,Hspa4
,,Fgfr2
,,Atp6v0e
,,4930433B08Rik
,,Ctcflos
,,E230016M11Rik
,,Dna2
,,Klf12
,,Ctla4
,,Gpr161
,,Creg1
,,Ceacam16
,,Ankrd40
,,Cdc26
,,Psmb7
,,Prmt2
,,Serpinf2
,,Rnf111
,,Adm
,,Eci1
,,Gdap2
,,Rnf125
,,Pdk2
,,C1rl
,,Slc45a2
,,Cd81
,,D630024D03Rik
,,Camk2n1
,,Tmem241
,,C6
,,Anapc5
,,Fads3
,,Marf1
,,44990
,,Foxk1
,,Dnajb12
,,Pim1
,,Akt2
,,Etv3
,,Gm17746
,,Gapdh
,,Luc7l2
,,Col4a3bp
,,C1qtnf3
,,Ireb2
,,Cfl1
,,Atg14
,,Prkag2
,,Mdm2
,,Adra1a
,,Mbd1
,,BC031361
,,Pik3c2g
,,Tspan9
,,Dop1b
,,1700021F05Rik
,,Sgip1
,,Ifitm3
,,Bag4
,,Mug-ps1
,,Lncenc1
,,Irs2
,,Hdhd3
,,Trim47
,,1700055D16Rik
,,Ranbp3
,,Slc35a5
,,Clic3
,,Phospho1
,,Snrpa1
,,Hspd1
,,Sf3b1
,,Hebp1
,,Pdzk1
,,Tm6sf2
,,Cyp2d26
,,Zc3h18
,,Pola2
,,Vars2
,,Pde4dip
,,Mirlet7b
,,Bach1
,,Sqstm1
,,Bccip
,,Zfp787
,,A430090L17Rik
,,Myom3
,,Myo6
,,Whamm
,,Pfkfb1
,,Cebpg
,,Ap1ar
,,Borcs5
,,Hmox1
,,Sesn2
,,Gas2
,,Arhgef10l
,,Edn2
,,Fgd4
,,Tmprss6
,,Ubl3
,,Lppos
,,Paqr7
,,Zfp422
,,Gstp1
,,Gm6981
,,Kdm3a
,,Ppp4r4
,,Polh
,,Nr4a3
,,Prg4
,,Serf2
,,AU019990
,,Cdc34
,,Aox3
,,Ncapd3
,,Fasn
,,Bnip2
,,Olfr1442
,,Mfsd1
,,Dnaja3
,,Scpep1
,,Smarca2
,,Pgs1
,,Lrig3
,,Mkks
,,Serpina12
,,Pnpla8
,,Mir297-1
,,Gm9949
,,Tmem243
,,Tmem131
,,Rnf103
,,2210408F21Rik
,,R3hdm2
,,Dynlrb2
,,Ubr2
,,Gm15417
,,Mir33
,,Odr4
,,Prss52
,,Mbl1
,,Zbtb41
,,Slc7a10
,,Tuft1
,,Tada1
,,Usp48
,,Strn3
,,Irs1
,,Cyp2f2
,,Itih3
,,2010109A12Rik
,,Gm32461
,,Mup10
,,Cfap77
,,Mir3074-1
,,Gm9920
,,Ap3s1
,,Lrp6
,,Mthfd1
,,Bnip3
,,Cyp26a1
,,Mir3064
,,Fth1
,,Tardbp
,,Ccser2
,,Zfp184
,,B430010I23Rik
,,Traf3ip3
,,Asap3
,,Gm29443
,,4930455H04Rik
,,4932438A13Rik
,,A2ml1
,,Cdv3
,,Neb
,,Lancl1
,,E330011O21Rik
,,Hist1h4h
,,Slc15a4
,,Fam120b
,,B230217O12Rik
,,Chaf1b
,,Hao1
,,Parm1
,,Osbpl9
,,Naif1
,,Zranb1
,,Lgr4
,,Gm36283
,,Mir1938
,,Mup18
,,G530011O06Rik
,,Mthfsl
,,Onecut2
,,Cxcl12
,,Slc10a1
,,Psen1
,,Zkscan1
,,Slc9a3r1
,,Rnf38
,,Gm26685
,,Ifnb1
,,Ugcg
,,Tmem51os1
,,Fads1
,,Gtf2ird2
,,Jmjd1c
,,Dnah6
,,Cdk8
,,AV051173
,,8430437L04Rik
,,Zmat3
,,Tk1
,,Smad1
,,Sdhd
,,Pip5k1a
,,Abca8a
,,Cfhr1
,,Cflar
,,Dclre1a
,,Cobl
,,Arsg
,,BC049352
,,Smarca5
,,8030442B05Rik
,,Nhsl1
,,Ppp2r1b
,,Cisd2
,,Trim55
,,Skor1
,,Lhx6
,,Mir3473g
,,Ulk1
,,4930542M03Rik
,,Spryd7
,,Sae1
,,Slc25a30
,,1700085C21Rik
,,Ndufb10
,,Mrgprg
,,Ccn2
,,3110009F21Rik
,,Cxadr
,,Psmd9
,,4930526I15Rik
,,Nbr1
,,Cry2
,,Loxl2
,,Atxn7l1
,,Negr1
,,Fpgs
,,Med18
,,Smad7
,,E130310I04Rik
,,Gm19461
,,Arl5b
,,4933407G14Rik
,,Acsf2
,,Cyp2u1
,,Trim26
,,Cop1
,,Mrpl14
,,Zfp281
,,Eif3a
,,Gstz1
,,Rin3
,,Arid1b
,,G3bp2
,,Rhbdd3
,,St3gal5
,,Mir3073a
,,Slc8b1
,,Nabp1
,,Nfatc3
,,Dct
,,Zfp707
,,St6gal1
,,Tmem106a
,,C8g
,,Hal
,,Itgb6
,,Rpl37rt
,,Anxa9
,,Fut10
,,Tnk2
,,Sgta
,,2810459M11Rik
,,Lsm4
,,Dlg1
,,1700113A16Rik
,,Rab21
,,4933434E20Rik
,,Gm973
,,Arhgef18
,,Tst
,,Ppp2r3a
,,Slc35d2
,,Dhrs7
,,Bicra
,,Aco1
,,Ldhal6b
,,Bad
,,Slc25a26
,,Atic
,,Gldc
,,Uhrf1bp1l
,,Trim25
,,Egln2
,,1700112J16Rik
,,Ormdl3
,,Chat
,,Scap
,,Apoc4
,,Supt4a
,,Larp1
,,Lrg1
,,Stat1
,,Sumf2
,,Ptpn21
,,Zfp866
,,Chkb
,,Lrrc61
,,Tbca
,,Zc3h15
,,Kcnn2
,,Cfh
,,Foxa3
,,Cyp4a14
,,Morn3
,,Mir12192
,,C4bp
,,Mus81
,,Scaf1
,,Gadd45g
,,BC004004
,,6030466F02Rik
,,Tmem140
,,Rhou
,,Adam30
,,Habp2
,,Nfyb
,,Tgfa
,,Iws1
,,Ttc39b
,,Cxcl9
,,Gm32200
,,Fsd1l
,,Pxk
,,Klf13
,,Gm12633
,,Aco2
,,Hsdl2
,,Serpina1b
,,Tlcd2
,,Josd1
,,Scarb2
,,9030619P08Rik
,,Pcsk6
,,Nfkbia
,,Thumpd2
,,Fam210a
,,Ly6f
,,Fbxo9
,,Gcnt4
,,Rsc1a1
,,2810429I04Rik
,,Smim4
,,Hspbap1
,,Hspa9
,,Nr1i3
,,Gm10768
,,Mir103-1
,,Nr6a1
,,Nt5dc3
,,Nat8f1
,,Lonp2
,,Agxt2
,,Hbs1l
,,Pcbp1
,,Tiam2
,,Upb1
,,Mb21d2
,,Gm14164
,,Bpnt1
,,Gm14057
,,Rnase4
,,Car1
,,Ntrk2
,,Mir26b
,,Smg7
,,Rdh5
,,Czib
,,Puf60
,,Usp50
,,Creb3l3
,,Rrm2
,,Plekhg2
,,Washc2
,,Inca1
,,Cnot8
,,Abhd3
,,Il15ra
,,Strbp
,,Prep
,,Dand5
,,Nr2c1
,,Wsb1
,,Opa3
,,Gm3704
,,Bend3
,,Mir6997
,,Pias4
,,Lman1
,,Unk
,,Mycl
,,Rcbtb2
,,2700012I20Rik
,,Dhcr24
,,Dpep1
,,Twist2
,,Mir12195
,,Sel1l
,,Myo10
,,Trhde
,,Mpp6
,,Oat
,,Pqlc3
,,Gstt1
,,Bag3
,,Ugt1a6a
,,Oxsm
,,Sgms1
,,Icam2
,,Git2
,,G3bp1
,,Tm7sf3
,,Ptger3
,,Degs1
,,Narf
,,Abcc12
,,Fis1
,,Mrgpre
,,Smyd3
,,Hist2h2aa2
,,Dedd2
,,Mtif3
,,Klhl21
,,Sult1d1
,,Pex11g
,,4732416N19Rik
,,Mir5623
,,Hspa1l
,,Cdc14b
,,Vps26c
,,Dbi
,,Ugt1a9
,,Papola
,,Armc12
,,Usp10
,,Ddx42
,,Jun
,,A230083G16Rik
,,Mir6965
,,Gpd1
,,5730435O14Rik
,,Maip1
,,Prdm2
,,Unc93a
,,Actr3
,,Irf6
,,Zfp236
,,Saa4
,,Ric8b
,,Tspan33
,,Birc2
,,Ephx1
,,Cebpb
,,Traf5
,,Gfod2
,,Tgoln1
,,Snap23
,,Psmd6
,,1110036E04Rik
,,9130409I23Rik
,,Wdr92
,,Ptpmt1
,,Cradd
,,Pla2g12a
,,Gprin3
,,Tafa2
,,Csf1
,,Nsd3
,,Ptma
,,Pnrc2
,,Tmem116
,,Mug2
,,Acot4
,,Mir5709
,,Ido2
,,Dcaf11
,,Amacr
,,Pigv
,,Slc25a3
,,Aox1
,,Alcam
,,Mapk4
,,Keg1
,,Ubqln1
,,Clp1
,,Ciz1
,,Yy1
,,Car5a
,,Zfp248
,,Glrx
,,Slc25a45
,,Necap1
,,Tbc1d14
,,3110009E18Rik
,,1700119H24Rik
,,Ifrd2
,,Mir7073
,,Gclm
,,Map3k1
,,Zfyve1
,,Mir192
,,Gm44505
,,Hspa5
,,Mir339
,,Ints2
,,Mir1271
,,Smad9
,,Actr1a
,,4930554I06Rik
,,A930001C03Rik
,,4930402H24Rik
,,Slco2a1
,,Smim27
,,Aacs
,,Ndufs6
,,Ube2u
,,Mnt
,,Tent4b
,,Anp32a
,,Gm6793
,,Nr3c2
,,Armc6
,,Etfa
,,Cdc42
,,Gm5099
,,Ranbp2
,,Dusp12
,,Tmem86b
,,Ski
,,Nsmf
,,Sdhaf1
,,Gm1821
,,Ankrd31
,,Parp6
,,Gm15326
,,Txndc9
,,Snord14c
,,Pqlc2
,,Lyl1
,,Xylb
,,Abhd15
,,Akap8
,,Gnat1
,,C9
,,Tacc3
,,Aebp2
,,Efhd2
,,Npr2
,,Tmem205
,,Serpina10
,,Ppp1r3c
,,Mir3094
,,Ptbp3
,,Kif1b
,,C2cd4d
,,Aopep
,,Gm19619
,,B3galnt1
,,Ldlrad4
,,Sdsl
,,Sdk1
,,Spop
,,Snrpe
,,Gsap
,,Sars
,,Smc5
,,2310033P09Rik
,,Mir5119
,,Ammecr1l
,,Sftpb
,,Rfc2
,,Akr1c6
,,Ccdc34
,,Mir682
,,Srsf2
,,Gm35549
,,Setd5
,,Tnfsf4
,,Acadl
,,Bcas3os1
,,Nfasc
,,Ost4
,,Polk
,,Arhgef19
,,Bckdha
,,Fyb2
,,Naa50
,,44993
,,Zmym2
,,Olfr541
,,Mylk
,,Aspa
,,Ttc7
,,0610005C13Rik
,,Gm36229
,,4930591A17Rik
,,Lrrfip1
,,Cyp39a1
,,Abca3
,,Tenm3
,,Cryaa
,,Prpf4b
,,Riok1
,,Zc3h14
,,Gm12724
,,Tmem211
,,Atpsckmt
,,Ppp4r2
,,Irf2bpl
,,Nlrp4f
,,Kdm2b
,,Hsd3b5
,,Apon
,,Tmcc3
,,Mocs1
,,Unc93a2
,,Adra2a
,,Ankrd33b
,,Gata6
,,Hc
,,Eif4h
,,Hist1h4c
,,Acbd3
,,Mir6951
,,Mir12182
,,Tgfbr1
,,Snhg3
,,Spout1
,,Mir21c
,,Mrpl32
,,Otud7b
,,Hsd11b1
,,Gls2
,,Wsb2
,,Mgam
,,Romo1
,,Mir7015
,,Gm10532
,,Sh3yl1
,,Gm17634
,,Klf10
,,Gusb
,,Slc37a4
,,Gpd2
,,Ptp4a2
,,Cmas
,,H2afy3
,,Leng9
,,Ier3
,,Osbpl5
,,Hist1h2bl
,,Actb
,,Tia1
,,Ube2v1
,,Dkk3
,,Efna3
,,Eml4
,,BC030867
,,Ykt6
,,Glo1
,,Tax1bp1
,,Gm12992
,,Chst13
,,Fancm
,,1810012K16Rik
,,Tefm
,,Actn1
,,Plekhf1
,,Rabggtb
,,Acly
,,Hmga1
,,Hectd2os
,,1700001C19Rik
,,Rtn3
,,Zxdc
,,Mir378a
,,Gm19276
,,Abca5
,,Slc46a1
,,Shroom3
,,Reps1
,,Kbtbd11
,,Btd
,,Dock8
,,Zeb1
,,Socs3
,,Mir101a
,,Nans
,,Serbp1
,,Bcas1
,,Tectb
,,Atxn1
,,Neu3
,,Slc6a9
,,Ube2i
,,Vdac3
,,Gabpb1
,,Cited2
,,Fbxl5
,,Cfap20
,,Gamt
,,Cyp4b1-ps2
,,Arl8b
,,Ctbp1
,,D2hgdh
,,Snora30
,,Ankrd10
,,Smurf2
,,Rbm25
,,Nr2c2ap
,,Serp2
,,Igfals
,,Ptpre
,,Zbtb39
,,Kif21a
,,Gm15408
,,Appl2
,,Ell
,,Mir8101
,,Psap
,,Ugt2b38
,,Gm30505
,,Ninj1
,,Smim19
,,Il17ra
,,Tmem184b
,,Hsf4
,,Yars2
,,Ampd2
,,Flad1
,,Ing3
,,Ugdh
,,Sdccag8
,,Ctsl
,,Acot13
,,1700007L15Rik
,,Adprm
,,Ndufv1
,,Gzf1
,,Dusp10
,,Kif11
,,Usp4
,,4930506A18Rik
,,Cherp
,,Depdc5
,,Gt(ROSA)26Sor
,,Cyp1a1
,,Pknox2
,,Rnf43
,,A730081D07Rik
,,Agap1
,,Plin3
,,Apof
,,Sult2a7
,,Cnot6l
,,Adad1
,,Plekhj1
,,Bid
,,4930429F24Rik
,,Rps27l
,,Tmie
,,Gm6614
,,1700042O10Rik
,,Ncor1
,,Nuak2
,,Cphx3
,,Atp6v0d2
,,Tgm2
,,Orm2
,,AU023762
,,Ticam1
,,3110045C21Rik
,,Actn4
,,Fbxo22
,,Numa1
,,Tet2
,,Platr9
,,Aamdc
,,9530091C08Rik
,,Mir6947
,,Rtf2
,,Kctd20
,,Vps37c
,,Acot1
,,Birc3
,,Cnpy4
,,Cpsf6
,,Saysd1
,,Cpq
,,Aptx
,,Dnajb7
,,Nek8
,,Pctp
,,Gnb4
,,Ep300
,,Phlpp1
,,Foxo1
,,G6pc2
,,Cgnl1
,,Coq10a
,,1700072O05Rik
,,BC051665
,,Prkd3
,,Atpif1
,,Scaf11
,,Rdh18-ps
,,Bfsp2
,,Zfand3
,,Dpp8
,,Preb
,,1700017B05Rik
,,Pcbp2
,,Rab43
,,Ddx58
,,Ttc27
,,Pygl
,,Ugt2b5
,,Slc5a11
,,Lypla1
,,Gm16740
,,Nek7
,,Snord71
,,A830029E22Rik
,,Stat5a
,,Atp5b
,,B4galnt1
,,Zfc3h1
,,Stau1
,,Fgl1
,,Ei24
,,BC042761
,,Mroh2a
,,Selenoi
,,Mir1903
,,Dynlrb1
,,Mthfs
,,Nat8
,,Tbc1d13
,,Acadm
,,Fau
,,Chuk
,,Gpbp1l1
,,Tspan12
,,Mascrna
,,Hnrnpa2b1
,,Megf9
,,Thrap3
,,Vamp8
,,Gstt3
,,Net1
,,Etnppl
,,Kdelr2
,,Prxl2c
,,Fkbp8
,,Kctd17
,,Khdc1a
,,Bag6
,,2610307P16Rik
,,Mkln1
,,Sec24c
,,Tmem154
,,Grpel2
,,Klrg1
,,Pfdn2
,,Jund
,,Rasl11b
,,Mbd3
,,Ctrb1
,,Zfp959
,,Aqp11
,,Ifnar1
,,Helz2
,,Dsg1c
,,Map2k5
,,Slc25a22
,,Bcl2l11
,,Zc3h12c
,,Susd1
,,Gm867
,,Cryz
,,2810414N06Rik
,,Rell1
,,Emc6
,,4930480G23Rik
,,Acsm2
,,Insc
,,Mir6934
,,Spag9
,,Skil
,,Mir3108
,,Bcl9l
,,Rack1
,,Itsn1
,,Rd3
,,Gm12915
,,Aifm2
,,Mir3066
,,Ttc13
,,Acaa1a
,,Chit1
,,Aadac
,,Crp
,,Acad10
,,Rbm4b
,,Kat6a
,,Esr2
,,Lamp2
,,Zfp740
,,Cyb5b
,,Ntn3
,,Cdc42ep4
,,Shf
,,Mir7117
,,5430416N02Rik
,,Fbxo8
,,Pomgnt2
,,Grid1
,,Mob4
,,Ifnar2
,,Bmper
,,Ddb1
,,Rnf157
,,Mgrn1
,,Nrros
,,Irf2bp1
,,Hint1
,,Prkaa2
,,2310057M21Rik
,,Odc1
,,A930018P22Rik
,,Epb41l4b
,,Cyp3a44
,,AW146154
,,Mir8112
,,Prkab2
,,Gpbp1
,,Amigo2
,,Dennd1a
,,Orc4
,,Acnat1
,,Plcg1
,,Cds2
,,Mir466h
,,Gm16325
,,Rbl2
,,Onecut1
,,Ccdc57
,,Ppp2ca
,,Nat9
,,Degs2
,,Tstd2
,,Alg14
,,Vtn
,,Chmp3
,,Bbs2
,,Shpk
,,Trim7
,,Gm4651
,,Cdh15
,,Ccdc138
,,Skp2
,,Mmd
,,Fxr2
,,Slc39a9
,,Hipk2
,,44991
,,Slc25a44
,,Iigp1
,,Kctd15
,,Kif28
,,Rragc
,,Tpst2
,,Slc22a5
,,C130074G19Rik
,,Mmadhc
,,Znhit6
,,Prrc2b
,,Ctdsp1
,,Cct5
,,Cpne3
,,Cdc42ep1
,,Gtf3a
,,Kl
,,Smok3a
,,Vps13c
,,Srl
,,Arpp19
,,Dnajc16
,,Ercc4
,,Rdx
,,4933440M02Rik
,,Cyp2c39
,,Mrpl45
,,Setd1a
,,Gch1
,,Pcmtd1
,,Hyal1
,,Aldh1a1
,,E230013L22Rik
,,Nuf2
,,Vps37b
,,Scrn3
,,Mlst8
,,Ccdc58
,,Vwde
,,Ubald1
,,5730405O15Rik
,,Uqcc2
,,Nudt19
,,Soat2
,,Lrrc4
,,Emg1
,,Wdfy3
,,Dcaf1
,,Lyn
,,Tmed9
,,2900052L18Rik
,,Apol7d
,,Cntnap5b
,,Ubxn4
,,Cul2
,,Prim2
,,Mettl8
,,Snx18
,,Micos13
,,Tent4a
,,Glyctk
,,Rmnd5a
,,Etv6
,,Atp11b
,,Palld
,,Gm33035
,,Tango2
,,Agfg2
,,Atg7
,,Ccn6
,,Dnajc3
,,1700122C19Rik
,,Rpl37a
,,Sp1
,,Kdr
,,Dixdc1
,,Tmem248
,,Dennd4a
,,Pafah1b1
,,Abhd2
,,Tpd52l1
,,Erc2
,,Mbtps1
,,Pink1
,,Tatdn2
,,Ccdc97
,,Gfod1
,,Hsbp1l1
,,Tomm40l
,,Nek6
,,Polr1d
,,Serpina11
,,Fam193a
,,Med13
,,Usf2
,,Stab2
,,Mir6388
,,Ulk2
,,Tor1aip2
,,Hpn
,,Arl4a
,,Aldoart1
,,1700034H15Rik
,,Npffr2
,,Psmd1
,,Trpm7
,,Mbnl1
,,Hnrnpf
,,Csk
,,Atad3a
,,Cmbl
,,Azin1
,,Arhgdia
,,Pex5
,,Eny2
,,Slc10a2
,,Mettl21c
,,Nemf
,,Rplp1
,,4931422A03Rik
,,Serping1
,,Cntd1
,,Rab5if
,,1700036G14Rik
,,Ecm2
,,Acss3
,,Tank
,,Ccnl1
,,A330040F15Rik
,,Cabyr
,,Gng12
,,Phf2
,,Hsp90b1
,,Fzd5
,,Entpd5
,,Erbb3
,,Lax1
,,Lingo2
,,Marveld2
,,Sntg1
,,Lrrfip2
,,Osbpl8
,,Prdx6
,,Abcb10
,,Rbm12b1
,,Redrum
,,Tut4
,,Slc31a1
,,Nfx1
,,Arhgef11
,,Itga7
,,Calr
,,2310015A10Rik
,,Inf2
,,Orm1
,,Maf
,,Fbxo42
,,Pten
,,Cyp2c55
,,Wapl
,,Hmgcr
,,Arhgap42
,,Slc12a7
,,Gng5
,,Gcfc2
,,Syvn1
,,Mir499
,,Inava
,,Prpf19
,,Tmem41b
,,Smg1
,,Cd44
,,Lag3
,,Rffl
,,5430405H02Rik
,,Mpz
,,Olfml2b
,,8430423G03Rik
,,Ackr4
,,4930572O13Rik
,,Synb
,,Bfar
,,Atp5d
,,Tnfaip8l1
,,Immt
,,Cyp21a1
,,Hspb8
,,Dnajb11
,,Nat10
,,Prss35
,,Ccdc33
,,Thap12
,,Gm13872
,,Fgd2
,,H2-T23
,,Clstn3
,,Cd180
,,Pnkp
,,Elovl3
,,Ddah1
,,Ankrd13c
,,Zbtb21
,,Mettl15
,,AW495222
,,2610306M01Rik
,,Tmf1
,,Abtb2
,,U2af1
,,Bdp1
,,Polr3h
,,Tmem170b
,,Cfi
,,L3mbtl4
,,Tmem72
,,Ttc37
,,Mir194-2
,,Itih4
,,Morn1
,,Tmem14c
,,Fosl2
,,Dph6
,,Zbtb20
,,Gopc
,,Acot12
,,Arid2
,,Rbbp8
,,Gprc5c
,,Rida
,,Bicral
,,4930474N09Rik
,,Kif1c
,,Grb7
,,Celf1
,,Akap10
,,Ahsa2
,,Eef1akmt1
,,Sart1
,,Ube2d3
,,Tapt1
,,Aldh5a1
,,5430427O19Rik
,,Urad
,,Hpcal1
,,Gm12354
,,Vkorc1
,,Ucp3
,,Pptc7
,,Hsf5
,,Nras
,,Tsacc
,,Ube2cbp
,,Tlr3
,,Pcbd1
,,E2f7
,,D830031N03Rik
,,Gnpnat1
,,Cxcl11
,,C920006O11Rik
,,Mettl7a2
,,Myo9b
,,Coa4
,,Ugt2b34
,,Uba5
,,Ifit1
,,Gm10556
,,Mgat2
,,Rps14
,,Agmat
,,2610203C22Rik
,,Wdfy2
,,Tshz1
,,Ncoa4
,,Elp6
,,Crybb3
,,Olfr1033
,,Gm20619
,,Snora23
,,Sec11a
,,Avpi1
,,P2rx4
,,Zfp526
,,Gpx4
,,Cnksr3
,,Eldr
,,Actr6
,,Rhob
,,Gm17767
,,Borcs6
,,Olfr1443
,,Tmem259
,,Uso1
,,Hspb1
,,Cst10
,,Hsd3b2
,,Klrb1a
,,Map3k11
,,Zfyve26
,,Nsun7
,,Mir7671
,,4930405A10Rik
,,Abcc3
,,Avpr1a
,,Pklr
,,Tspan2
,,Mir582
,,Tsc22d3
,,Chka
,,Mir7240
,,Pex10
,,Jak1
,,Adcy5
,,Chd1
,,Cryzl1
,,Abca9
,,Kmt2e
,,Rnf121
,,Txndc5
,,Stat3
,,Arhgap24
,,Serpina3n
,,Corin
,,Fam47e
,,Capg
,,Cers6
,,Egf
,,Nqo2
,,Taok1
,,Acss2os
,,Mir12184
,,2010010A06Rik
,,Ube2m
,,Sec24d
,,Gm15511
,,Tnpo2
,,Mlh1
,,Gtf2b
,,Cwf19l1
,,Map2k3
,,4930414N06Rik
,,Dpy19l1
,,Fut8
,,2310068J16Rik
,,Trpc4ap
,,Rad50
,,Ccdc77
,,Hsp90aa1
,,Slc4a4
,,1190005I06Rik
,,Fermt2
,,Ptpn2
,,Rrn3
,,Prr5
,,Zcchc7
,,Sipa1l1
,,Dhx9
,,Orai1
,,Naa16
,,Il1f9
,,Mir7032
,,Cyhr1
,,Dipk1a
,,Eefsec
,,Mccc2
,,Serpina3a
,,Gcc2
,,Gm19705
,,Ccne2
,,Fbxl3
,,B4galt1
,,Nsmce4a
,,Rnu11
,,Snord49a
,,Adh5
,,Lin7a
,,Mypn
,,Dlx1
,,4930539E08Rik
,,Cep57l1
,,Smcr8
,,Cish
,,Mir107
,,Pex26
,,Efcab1
,,Sppl2a
,,Snord111
,,Ppp6r2
,,Usp2
,,Mir7669
,,Arl5a
,,Mvb12a
,,Sel1l3
,,Fgr
,,Xpo5
,,2310061I04Rik
,,Qdpr
,,Snora28
,,Gphn
,,BC021767
,,Hmgn3
,,Gk2
,,Trmt9b
,,Ptch1
,,2900093K20Rik
,,2200002J24Rik
,,5031425E22Rik
,,Hmgcl
,,Hnrnpdl
,,Sos1
,,Btnl10
,,Gm31763
,,Ctnna3
,,Arfgef2
,,Snap47
,,Plekhg3
,,Mcfd2
,,Rccd1
,,Dync1i2
,,Fdft1
,,2610005L07Rik
,,Gm17484
,,Rbm5
,,Ces1a
,,1700031P21Rik
,,C4bp-ps1
,,Dyrk3
,,1700019C18Rik
,,Vezt
,,Gm1653
,,Ddias
,,Clk1
,,Ppm1k
,,Abhd14b
,,Pus10
,,Lpgat1
,,Gnat2
,,Gm20755
,,St8sia1
,,Cyp2c50
,,B230303A05Rik
,,Cyp2j9
,,Pmf1
,,Mir677
,,Spryd4
,,Prrc2c
,,Sdc1
,,B230217C12Rik
,,1700008J07Rik
,,Jarid2
,,Hp1bp3
,,Eprs
,,Tut7
,,A630076J17Rik
,,Pdgfrl
,,Polg2
,,Ccdc107
,,Podn
,,Cltc
,,Il17b
,,Dnase2b
,,Nol11
,,Homer1
,,BC049762
,,Hdhd5
,,Ndufaf4
,,Cdkn2aip
,,4921524J17Rik
,,Tmem97
,,Dhx40
,,Dctpp1
,,Tmem150a
,,9130015A21Rik
,,Psmg1
,,Trmo
,,Elfn1
,,Fam50b
,,Iqsec1
,,Sox5os3
,,Sacs
,,Trim8
,,Gm20745
,,Wac
,,Mmut
,,Hist2h4
,,Myo3b
,,Mir484
,,Ranbp9
,,Vasn
,,Pccb
,,Sbno1
,,Fmo3
,,Polr3gl
,,5730420D15Rik
,,Gtf2h2
,,Chrac1
,,Nos1ap
,,C130026L21Rik
,,Wee1
,,Dip2c
,,Fzd8
,,1700121N20Rik
,,Msrb1
,,1600014C10Rik
,,Fam187b
,,Gpatch8
,,Tbc1d7
,,Gm5334
,,1810041H14Rik
,,Stt3a
,,Zfp408
,,Gm10658
,,Lsm10
,,Gm4632
,,Smdt1
,,Gm21057
,,Llgl2
,,Vps11
,,6030407O03Rik
,,Fndc3b
,,Cbr4
,,Wdr91
,,Ptk2
,,Ppm1a
,,Atf5
,,Egln3
,,Fyco1
,,1700028I16Rik
,,Adarb1
,,Bco2
,,Chpt1
,,Syne3
,,Rock2
,,D5Ertd579e
,,Rab3a
,,1810064F22Rik
,,Pde4c
,,Wwc1
,,Mettl4
,,Proca1
,,Sertad2
,,Urod
,,Sbno2
,,Map3k12
,,Acacb
,,Thada
,,Rab24
,,C4b
,,Plac9b
,,Cabcoco1
,,Zfp750
,,Zfp768
,,Smarca4
,,Frzb
,,Rab1a
,,Zc2hc1c
,,Mir3058
,,Cfap97d1
,,Iba57
,,2010310C07Rik
,,Zfp638
,,Gstt2
,,Msl1
,,Myorg
,,Psma4
,,Rad23b
,,Fbrs
,,4930555K19Rik
,,Lcat
,,N4bp2l2
,,Pawr
,,Rbm4
,,G630064G18Rik
,,Pdcd4
,,Cops7b
,,Ttll5
,,Tlk1
,,Gmeb2
,,Luc7l3
,,Gucy2d
,,Dcaf13
,,Mlycd
,,Cant1
,,Ifitm2
,,Mir1930
,,Tbc1d30
,,Txndc11
,,Sqle
,,St3gal3
,,Adrb2
,,Cyp2d12
,,Sft2d3
,,Rfxank
,,Hnrnph3
,,Ceacam1
,,Tmem176b
,,Rnf14
,,Faah
,,Sh3pxd2a
,,Bok
,,1700026D11Rik
,,4930502E09Rik
,,Nfic
,,Otos
,,Arid1a
,,Gm7538
,,Ptprf
,,Postn
,,9430015G10Rik
,,Dnmt3a
,,Pgrmc1
,,Slc6a6
,,Ctbs
,,Zfp710
,,F10
,,Mir6935
,,Pdk4
,,2700049A03Rik
,,Spata2l
,,Atp6v1e1
,,Dnajc8
,,Snord118
,,Aspscr1
,,Fbxl22
,,Nobox
,,Ankrd11
,,Fgf21
,,Rabgap1l
,,C230035I16Rik
,,1810010H24Rik
,,Fam89a
,,Rusc1
,,Mapk15
,,Setd6
,,Aspg
,,Atp7b
,,Jsrp1
,,Ticam2
,,Lect2
,,Mir22
,,Coq7
,,Rnpc3
,,1110006O24Rik
,,Fnip1
,,Dhrs11
,,Dhdh
,,Ube2h
,,4930578N18Rik
,,Sec61g
,,Foxa1
,,H3f3b
,,G2e3
,,Itgb1
,,Svil
,,Lncbate10
,,Smndc1
,,Bri3bp
,,Gtf2e2
,,Mir12178
,,Etfdh
,,Rps6kc1
,,4930546K05Rik
,,Psma3
,,Gstm1
,,Cops3
,,Serpinb1a
,,Chmp2a
,,Nfkbiz
,,Ogdh
,,Rgcc
,,Mir8115
,,Stx1b
,,Mir1970c
,,4930552P12Rik
,,Amd2
,,Atox1
,,Wdtc1
,,Mtg2
,,Nup50
,,Ppp6r1
,,Gm15506
,,Apom
,,Repin1
,,Oxa1l
,,Gchfr
,,9930021J03Rik
,,AI427809
,,Sqor
,,Anxa7
,,Oxnad1
,,Slc23a2
,,Tfpi2
,,Ppp2r2d
,,Vwce
,,Zfp444
,,Mypop
,,Gm36908
,,Syne1
,,Mat2a
,,4921507G05Rik
,,Gpc6
,,Aff1
,,Dnhd1
,,Kcnq1ot1
,,Mrap
,,Siah1a
,,Mpp7
,,Fhad1
,,Etfb
,,Fgfbp3
,,Rpl7l1
,,4930405O22Rik
,,Sertad3
,,Fez2
,,Epc1
,,Fgfbp1
,,Frs2
,,Sema4g
,,Prps1
,,Mfsd8
,,Mgst3
,,Sult5a1
,,Rara
,,Safb
,,Rnf135
,,Dsg2
,,Prpf39
,,Sppl3
,,Pdp2
,,Uroc1
,,Gcnt3
,,Fhit
,,Mlana
,,Ttc19
,,Mt2
,,B230219D22Rik
,,Diaph1
,,Plppr1
,,2310040G24Rik
,,4930511E03Rik
,,Cphx1
,,Mir568
,,Lamtor3
,,Mir1934
,,Arnt
,,Nrsn2
,,Ibtk
,,Harbi1
,,Tesk2
,,Cep350
,,Gm3435
,,Pithd1
,,Car14
,,Rab11a
,,Prpsap2
,,Ces1g
,,Zfp619
,,Lipc
,,Tbc1d8
,,Hdgf
,,Elof1
,,Nisch
,,Atxn7l3b
,,Myoz3
,,Heatr6
,,Shprh
,,Ppil1
,,Paip2
,,Cyp2b13
,,Snx33
,,Adal
,,Gm2a
,,Rchy1
,,Dnajb3
,,Il6st
,,Hook2
,,Zfp292
,,Ppp1r8
,,Exoc6
,,Gnl3
,,Pemt
,,Entpd8
,,Atg3
,,Mir6925
,,Ccnt2
,,Gpatch1
,,Pum2
,,Mmachc
,,Mir6905
,,Slc25a32
,,Dhrs7b
,,Uspl1
,,Osbpl11
,,Ube2d2b
,,Hsd17b12
,,Cd1d1
,,Lbp
,,Morf4l1
,,Mindy1
,,Slc20a1
,,Snord98
,,Nit2
,,Tesmin
,,Tshz3
,,Mia3
,,Kmt5a
,,Gm29687
,,Trmt13
,,Asic2
,,U90926
,,Notch2
,,Snord14d
,,D230025D16Rik
,,1700029F12Rik
,,H13
,,Mef2d
,,Ak4
,,Sdc2
,,Ilkap
,,Hsd17b4
,,Itch
,,4933416M06Rik
,,Ppp6r3
,,Ctnnb1
,,Srsf5
,,Il15
,,Gm5086
,,Xrn1
,,Mir872
,,Exd1
,,Syncrip
,,Ubtf
,,Atm
,,Ap1b1
,,Lamp1
,,Pi4k2a
,,Pdlim5
,,Adam6a
,,Gas2l3
,,Ddx6
,,Hibadh
,,F7
,,Nfyc
,,4921509O07Rik
,,Gstm3
,,Nasp
,,Gm12159
,,Usf3
,,Ttc41
,,2010009K17Rik
,,Tmem265
,,Mir6973b
,,Ddx17
,,Nedd4
,,Xpo1
,,Chn2
,,Mir6936
,,Lsm6
,,Cpeb3
,,Ptpn23
,,Otud1
,,Lrrc28
,,Hes6
,,Rapgef6
,,F2rl2
,,Cyp2r1
,,Ep400
,,Nsmce2
,,Rrm2b
,,Gramd1c
,,Slc36a1
,,Wif1
,,Ywhae
,,Mir3065
,,Erbin
,,Dbx1
,,Herc1
,,Crem
,,Prph2
,,Cyp4a10
,,Kif14
,,Rpl5
,,Pus1
,,Rpia
,,Minar2
,,Nhp2
,,Prmt9
,,Cdk11b
,,Ube2k
,,Copz1
,,Hist1h2bg
,,5930430L01Rik
,,Mir8118
,,Ttc25
,,Eif4g2
,,Amotl2
,,Gm12500
,,4930579D09Rik
,,Mir3084-1
,,Zfp326
,,Tkfc
,,Mark3
,,Pecr
,,Tox2
,,Plxna2
,,Fem1c
,,Taar1
,,Ldlrad3
,,Ube2g1
,,Rbck1
,,Gm13293
,,Pter
,,Ncor2
,,Stx2
,,Cyp1a2
,,Dop1a
,,Pan3
,,Rassf8
,,Wrap53
,,Rbm18
,,Sptan1
,,Egr3
,,4930562C15Rik
,,Ppp1cb
,,Srrm1
,,Zfp648
,,2610507B11Rik
,,Bfsp1
,,Tmem30b
,,Wasf2
,,Desi2
,,Otud4
,,Sinhcaf
,,Olfr371
,,B930095G15Rik
,,Bvht
,,Sntb1
,,Cebpz
,,Smad6
,,Hnmt
,,Prrc2a
,,Crat
,,Mir688
,,Spx
,,Nbeal1
,,Tbk1
,,Ephb4
,,Mir5104
,,Ppfia1
,,Ypel5
,,Siglecf
,,Lclat1
,,Csde1
,,Mapk1ip1l
,,Lrrc42
,,Cct8
,,Patl1
,,Gm12695
,,Ddx52
,,Gpld1
,,Nelfe
,,Mst1
,,Nfe2l1
,,1810053B23Rik
,,Prdm9
,,Znrf2
,,Msmo1
,,Zfp874b
,,Mir6335
,,Mir7657
,,Snhg1
,,1810034E14Rik
,,Gm31508
,,Dync2li1
,,Dock9
,,Cyp2w1
,,Wwp2
,,Map7d1
,,Zfp433
,,Golt1a
,,Fads2
,,Ndufa13
,,Kcnk5
,,Brd4
,,Snord32a
,,Nme2
,,Mir1960
,,Cyp2a4
,,Qk
,,Tceanc2
,,Bmp1
,,Rpp14
,,Grm7
,,Map1lc3b
,,Dus3l
,,Slc13a1
,,Rnpep
,,Rarres1
,,Ccnb2
,,Zfand6
,,Six4
,,Ext2
,,Pisd
,,Tsc1
,,Fcer1g
,,Cyp4f15
,,Mtf1
,,Atp6v1d
,,Ftcd
,,Pcif1
,,4933415F23Rik
,,Sftpa1
,,Ptprk
,,Gapvd1
,,Dync1li1
,,Slc41a3
,,Mir12185
,,Pa2g4
,,Slc39a4
,,Aldh3a2
,,Prpf38a
,,Rsrc2
,,Znrf3
,,Tpcn1
,,Apbb3
,,Arap1
,,Mir6415
,,Drd4
,,Prkce
,,Eri2
,,Rnh1
,,Eef1g
,,Slc25a42
,,Fhad1os1
,,Emilin3
,,Poglut3
,,R3hcc1l
,,Atp1b1
,,Pum1
,,C3
,,Tec
,,Agps
,,Pde7b
,,Chac2
,,9030025P20Rik
,,Prpf8
,,Gtf2e1
,,Rnf24
,,Uqcr10
,,4833439L19Rik
,,Cyp7a1
,,Zfyve16
,,Cecr2
,,Car13
,,Rfc4
,,Nodal
,,Mir3963
,,Tbce
,,Aldh9a1
,,Iqcn
,,Ppp1ccb
,,Gm20753
,,Decr2
,,Gm6566
,,Chrna2
,,Particl
,,Tmem268
,,Mir455
,,Prf1
,,Gm15471
,,Mir6344
,,Ino80d
,,D830032E09Rik
,,Coa5
,,Tbc1d16
,,Ntsr2
,,Mettl7a1
,,Fkbp4
,,Gm3137
,,Gm10778
,,Maco1
,,Evi5
,,Nckipsd
,,Cd36
,,Nhej1
,,Rbm44
,,Pex19
,,Herc2
,,Pex16
,,Edrf1
,,Dpagt1
,,Bbc3
,,Vmac
,,Aloxe3
,,Rnf44
,,Trit1
,,Mir3968
,,Dcaf10
,,Pkdcc
,,C1qtnf6
,,Zbed4
,,Slc41a2
,,Adcy1
,,St13
,,Larp1b
,,Zhx2
,,Ces1b
,,Nectin3
,,Ehf
,,Ugt3a1
,,Mtmr4
,,Afp
,,Epg5
,,Mir7082
,,Cd47
,,Ptgfr
,,Prdm10
,,Smarcc1
,,2610206C17Rik
,,9530052E02Rik
,,Pcyox1
,,Hnrnpul2
,,Nup85
,,Psd3
,,Celf2
,,Ccdc68
,,Rfc1
,,Ptbp1
,,LOC102631993
,,Srsf11
,,Fancf
,,Manf
,,Ide
,,Mir7116
,,Gm13498
,,Nrp2
,,Zbtb5
,,Mn1
,,Tent2
,,Esr1
,,Rap1a
,,Mir3473c
,,Rab14
,,Copb1
,,Gm4285
,,Gm11917
,,Coa7
,,Msl2
,,4930523C07Rik
,,Cmtm6
,,Sirt4
,,Cpeb4
,,A730063M14Rik
,,Tex35
,,Rnf139
,,Tbc1d9b
,,Dhtkd1
,,1700034P13Rik
,,Saa3
,,H2afv
,,Casp9
,,Olfr1423
,,Syt2
,,Oxtr
,,4921529L05Rik
,,Adam11
,,Dera
,,Cept1
,,Ptpn3
,,Retreg2
,,Sdhaf4
,,Ubxn1
,,Rcbtb1
,,Hist1h3f
,,Gm13570
,,Nox4
,,Rbbp4
,,Paxbp1
,,Idh2
,,Sod1
,,Akr1c20
,,Ints8
,,Ccnd3
,,Pigr
,,Ccdc162
,,Tmem69
,,Akirin2
,,Neu2
,,Mir6349
,,Dnajc25
,,Nr1d2
,,Zfp568
,,Son
,,Ndufa4
,,Ptrhd1
,,Mrpl50
,,Gm15343
,,1700001C02Rik
,,2310011J03Rik
,,Mageb3
,,Atp5g1
,,Cnbd2
,,Il23r
,,Chmp5
,,Tmem120b
,,Rbx1
,,Smad2
,,Mcph1
,,Anapc1
,,Ank
,,Tomm20
,,Tsc22d2
,,Tmem177
,,Asph
,,Vpreb3
,,Tmem44
,,Ctcfl
,,Pop5
,,Mir122b
,,Abcg5
,,Gpr135
,,Erp27
,,Dnajb9
,,Pgam1
,,B3galnt2
,,Tex33
,,Arel1
,,Supt16
,,Hps4
,,Psmd11
,,Lcor
,,Prss48
,,Ccdc47
,,Ankfy1
,,Atp23
,,Rps9
,,Tmem255b
,,Mir5128
,,Ice2
,,Pan2
,,Scml4
,,Ythdc1
,,Arhgap26
,,Hdlbp
,,Tmtc2
,,Clk3
,,Rmdn2
,,Tpst1
,,Eral1
,,F3
,,Gigyf2
,,Stmn1-rs1
,,Gpr84
,,Nlrc5
,,Elf1
,,A330069E16Rik
,,Emc9
,,Snord8
,,Mettl22
,,Fdps
,,Ndufa4l2
,,Isg20l2
,,Mex3d
,,Taf13
,,1700061I17Rik
,,Lrch3
,,Gatd1
,,Serpina5
,,Tmem186
,,1700048O20Rik
,,Chmp7
,,Psmb6
,,Tbc1d24
,,Morn4
,,1110028F18Rik
,,Gm14403
,,Plekhb2
,,Nf2
,,Kansl3
,,Mir687
,,Apol8
,,Lgi4
,,Tbx3
,,Usp24
,,Tusc2
,,Xpnpep3
,,Tmem37
,,Ube2r2
,,Tab2
,,Cdip1
,,Tmem106c
,,4930518J21Rik
,,A930012L18Rik
,,Flrt1
,,Wdr4
,,Fnta
,,Apba2
,,Arrb2
,,Nudt3
,,4930522O17Rik
,,Lrtm1
,,Slc35a3
,,Ccdc171
,,Eif3h
,,Nnt
,,Mrpl36
,,Cmtm4
,,Tubb2a
,,Trim28
,,Glyr1
,,Tpp2
,,Gimap9
,,Klhdc10
,,Polr2a
,,Plxnb1
,,Rap2a
,,Gtpbp4
,,Hist1h2bb
,,Sgk1
,,Rtp3
,,Srrm2
,,Parva
,,Gm4841
,,Pcgf5
,,Mrpl9
,,Ptges3
,,Peli1
,,Wdr37
,,Trmt112
,,Maml3
,,AI837181
,,Lsm12
,,Gtf2ird1
,,S1pr5
,,Pym1
,,Mospd4
,,Usp8
,,Pea15a
,,Cfap126
,,Zfp280d
,,Nprl3
,,Cplx4
,,Gabarapl2
,,Pds5a
,,4930441H08Rik
,,Mdfic
,,Dlx2
,,S1pr2
,,Nipbl
,,Fign
,,Cox6a1
,,Plec
,,Pparg
,,Akr1b7
,,Fkbp14
,,1700129C05Rik
,,Ambp
,,1600019K03Rik
,,A730036I17Rik
,,1700010N08Rik
,,Tomm7
,,Ccdc66
,,Gss
,,Asxl1
,,Ndfip1
,,Litaf
,,Cdk19
,,Gpr75
,,Tctex1d2
,,Gm15401
,,A730090N16Rik
,,Mturn
,,Ttc9c
,,4930467J12Rik
,,Bclaf1
,,Krt8
,,Eif5
,,Masp2
,,Abcb8
,,Pik3c2a
,,Gm33677
,,Mir148b
,,Prpsap1
,,Utp6
,,Xirp1
,,L3mbtl2
,,Tsen2
,,Mthfsd
,,Lzts2
,,Glul
,,Surf4
,,Ddx50
,,Wnt5b
,,Slmap
,,Rpl7
,,Ndrg1
,,Slc39a8
,,Aox4
,,Rmnd1
,,Gtf2i
,,Dock4
,,Mon2
,,Gpr21
,,Mir7085
,,Immp2l
,,Rilp
,,4930481A15Rik
,,Mki67
,,Car8
,,4833418N02Rik
,,Mavs
,,Mir684-1
,,Uri1
,,C2cd4a
,,Mirt2
,,Ric1
,,Cox6c
,,Ltn1
,,Tnfaip3
,,Fam166b
,,Cbx4
,,Mta2
,,Mir7031
,,Nars2
,,Ppl
,,Trim32
,,B930018H19Rik
,,Mesd
,,N4bp1
,,Zc3h7a
,,Ttc36
,,Mir7043
,,Gm15743
,,Cyp2g1
,,Mcur1
,,Lpar5
,,Nlk
,,Mir7009
,,Caly
,,Uchl3
,,Hyal2
,,Ankrd17
,,Tuba1c
,,Coa6
,,Mir6898
,,Adap2
,,Baz1b
,,L3hypdh
,,Nat8f5
,,Nipsnap3b
,,Mef2a
,,Coa3
,,Timmdc1
,,Tnfaip2
,,Srp72
,,2300009A05Rik
,,Prkg2
,,Gm5088
,,Zfp81
,,Gm10787
,,Ube4b
,,Mir5615-1
,,Mir6911
,,Znhit2
,,Thnsl2
,,Fam124a
,,Ehbp1
,,Rtp4
,,A730013G03Rik
,,Trpm3
,,Zmym4
,,Ets2
,,Ror1
,,Sgf29
,,Gon4l
,,Cplane1
,,Fxn
,,Adora1
,,Slc22a22
,,Ccdc9
,,Plin5
,,S100a13
,,Socs2
,,Rpl23a
,,Ccnl2
,,Ctsh
,,Irf5
,,Ublcp1
,,Pou2f1
,,Pcgf6
,,Wdr13
,,Mir7021
,,F2
,,Hmbs
,,Cnnm4
,,Mpdz
,,AV039307
,,Tcf7l1
,,AI463170
,,Ddx21
,,Sowahb
,,Poli
,,Noc3l
,,Mirlet7g
,,Tmem169
,,Cenpa
,,Mir8098
,,Itfg2
,,Mir3113
,,Echdc1
,,Gcnt7
,,Tigd3
,,Snx29
,,Snap25
,,9330104G04Rik
,,Mesp2
,,Gtf2f2
,,Hnrnph1
,,Riok3
,,Slc13a2
,,Neurod2
,,Pcyt1a
,,Gpi1
,,Col5a3
,,Cox7a2
,,Cblc
,,Usp14
,,Nabp2
,,Baz2a
,,Lpxn
,,Ptcd3
,,Adamts7
,,A630075F10Rik
,,Zpr1
,,Plet1os
,,Pdia4
,,Thoc1
,,2310043M15Rik
,,Ndufb4
,,Adipoq
,,Nop10
,,Atp5l
,,Acsl5
,,Rps6ka1
,,Rpain
,,Sec14l1
,,E2f8
,,C1galt1
,,Suclg1
,,Msra
,,Usp34
,,Hmox2
,,4931406C07Rik
,,Paqr3
,,Map3k2
,,Sco2
,,Fnbp4
,,Alyref2
,,Cd164
,,Pdzd8
,,Raly
,,Ints13
,,Adra1b
,,Grik4
,,Nab1
,,Crym
,,Chp1
,,Oser1
,,Ppfibp2
,,Arfgap3
,,Ctsk
,,Ndufaf7
,,C130080G10Rik
,,Irgq
,,Ncoa3
,,Pde1a
,,Ndufa7
,,Plpp5
,,Fbxo33
,,Dnaja1
,,Prdx1
,,Cyp3a41a
,,Ccdc17
,,Ubr1
,,Rps15a-ps6
,,Pnpla7
,,2010315B03Rik
,,Bhlhe22
,,Gorasp2
,,Mir30a
,,Gm5524
,,Gm6225
,,4930448I06Rik
,,Cox20
,,Bche
,,Alx3
,,Srsf3
,,Tmc6
,,1810019D21Rik
,,Bmpr1a
,,Rdh9
,,Rps6kb1
,,Trmt10a
,,Brd2
,,Maml1
,,Gsr
,,Agbl2
,,Samhd1
,,Cse1l
,,Mir7676-1
,,Bcl7b
,,Mup2
,,Lrrn4
,,Rybp
,,Ppp1r9a
,,Eef2k
,,Fkbp15
,,Mir5103
,,Cnot11
,,6030498E09Rik
,,H1f0
,,4933400F21Rik
,,Spg11
,,Mroh1
,,Tmem88
,,Pak7
,,Cyp2c29
,,Ubr5
,,Nanos1
,,Hao2
,,Kcnj8
,,Zfp592
,,Gtpbp6
,,Kin
,,Serpina9
,,Slc2a1
,,Mtfr1
,,Ppp1r3a
,,Bik
,,Eogt
,,Sh3glb1
,,Zfp971
,,Sft2d1
,,Tpt1
,,Pcsk5
,,Gsdme
,,Mir7034
,,Mpv17l
,,Treh
,,Cenpu
,,Rnu3a
,,Gmps
,,Tmem219
,,Sirt1
,,Pou2f3
,,Rhot1
,,Gm36669
,,B3gnt9
,,Gm21992
,,Angptl6
,,Csnk1g2
,,Swt1
,,Ttc38
,,Xcl1
,,Eepd1
,,Slc11a2
,,Dhx32
,,Zfas1
,,Nceh1
,,Mtor
,,Ktn1
,,Tom1l2
,,Sardh
,,Dhrs9
,,Nup155
,,Pop1
,,Mir7224
,,Aplp2
,,Akr1c19
,,Mir2139
,,Pbld2
,,Plbd2
,,Gm11981
,,Psma5
,,Rapgef1
,,Rab6b
,,Mir3105
,,Sntg2
,,Dipk2a
,,Tfap4
,,Ralgps2
,,Dner
,,Chrna10
,,Dab2
,,Rmnd5b
,,Atp5j
,,Tcf7l2
,,Tbl3
,,Nat8f4
,,Gm40893
,,Cyp4f13
,,Faap100
,,Nrg4
,,Dus1l
,,Atg4d
,,Gm17762
,,Exosc5
,,Gmfb
,,Kdm5b
,,Dip2b
,,Tulp2
,,Xrcc5
,,Mir6353
,,Rassf6
,,Mir6993
,,Ewsr1
,,Taf12
,,AW549877
,,Etf1
,,Hadhb
,,Slc46a3
,,Nav2
,,Gm31333
,,Il23a
,,Asxl2
,,Rpn1
,,Ces2h
,,Gm15569
,,Zbtb45
,,Trex1
,,Slc23a3
,,Slc30a8
,,Adi1
,,Vcp
,,1600002K03Rik
,,Gm4788
,,Pop4
,,Cbln3
,,Luzp1
,,0610010F05Rik
,,A330023F24Rik
,,Dusp14
,,Rcl1
,,Armc5
,,Cenpw
,,Ralgapb
,,Nipa2
,,Mir1958
,,Ss18l2
,,Ankhd1
,,Mast3
,,Traf1
,,Kbtbd2
,,Magi1
,,Sec63
,,Mbl2
,,Gsk3b
,,Gm16364
,,Pih1d1
,,Ddx5
,,Ube4a
,,Zfpm1
,,Tatdn1
,,Map4
,,Aatf
,,Pgghg
,,Slc30a9
,,4930577N17Rik
,,Mrpl54
,,Specc1l
,,Ddhd2
,,Ciart
,,Tsga10
,,Ube3a
,,Rab8a
,,Nup88
,,Snapin
,,Ppp1r12a
,,Gm16675
,,Zfp62
,,Hes7
,,Pnpo
,,Sp2
,,Ly96
,,Rsl1d1
,,Tjp3
,,Sh2b1
,,Uimc1
,,Gm11468
,,Tent5a
,,Rrp8
,,Ropn1l
,,1700019P21Rik
,,Sucla2
,,Dis3l2
,,Tmpo
,,Kdm2a
,,Ccl2
,,Mir6937
,,Arsa
,,Ccdc152
,,Zmym1
,,Oxsr1
,,Ckap5
,,Cfb
,,Sphk2
,,1810013L24Rik
,,Itpr2
,,Mir505
,,Zfand2b
,,Il17rb
,,Rnf141
,,Npat
,,Etnk1
,,Etaa1
,,Mir1191b
,,Zfp410
,,Lsm3
,,Vti1b
,,Mtmr11
,,Scamp1
,,Gp5
,,Inhbb
,,Tafa1
,,9530080O11Rik
,,Plekha1
,,Epb41l5
,,Tmem167b
,,Zcchc8
,,Tnip1
,,Gas1
,,Plk2
,,Dcaf8
,,Tfip11
,,Coq9
,,Rer1
,,Mir6398
,,Akr1a1
,,C2
,,Ninj2
,,Psmb3
,,Cenpv
,,Acat2
,,Ppif
,,Rpl31
,,Mrpl37
,,Cdc37l1
,,Trp53bp2
,,Cyp3a16
,,Gdf9
,,Podxl
,,BC006965
,,Pth2r
,,Rps15
,,Wnt9b
,,Gm38431
,,Zfp956
,,Mrpl44
,,Tusc3
,,Thra
,,Pvt1
,,Zscan21
,,Srrm4os
,,Tpi1
,,Nckap1
,,Ccdc166
,,Snrpd3
,,Omd
,,Afg3l1
,,Rras2
,,Atp5o
,,Carmn
,,Brox
,,Yap1
,,Kctd13
,,Slc24a1
,,Prpf6
,,Gm36712
,,Ube2b
,,4930488B22Rik
,,Mir5624
,,Cpped1
,,1110059E24Rik
,,Wfikkn2
,,Dennd2d
,,Slc38a11
,,Moxd1
,,Prkar1a
,,Gm960
,,Fubp1
,,D6Ertd474e
,,Peli2
,,Psmc4
,,Erp29
,,Stk38
,,Mpv17l2
,,Nxph3
,,Frmd8
,,Iqcc
,,Adcy10
,,Gm16023
,,Acss2
,,Cd14
,,Myl6
,,Pnn
,,Phip
,,Vmn2r20
,,Men1
,,Slx4ip
,,Tmx3
,,Seh1l
,,Tle2
,,Chordc1
,,Pkd1
,,Simc1
,,A930037H05Rik
,,Ralgps1
,,Arrdc2
,,Os9
,,Syde2
,,Gm3417
,,Ankrd55
,,Erbb4
,,Efcab11
,,Gm17753
,,Opa1
,,Mir7057
,,Ppme1
,,Hist1h3g
,,Ptgr2
,,Nkiras1
,,Lsm7
,,Trabd
,,Mir340
,,Epm2aip1
,,Tcp1
,,Atcayos
,,Jmy
,,Khdrbs3
,,Gm5136
,,4930558J18Rik
,,4931423N10Rik
,,Serinc1
,,Alox5ap
,,Hspa13
,,Atxn10
,,Tfrc
,,Plcl2
,,Psmb9
,,Gm29571
,,Pax1
,,Rnf114
,,Plxdc1
,,Cyp2b9
,,Acad12
,,Pdia3
,,Fbxo36
,,Psmb10
,,H2-DMa
,,Cinp
,,Bicd1
,,Tm4sf1
,,A930006K02Rik
,,Klhl11
,,Zfp874a
,,Gm4876
,,Trim41
,,Tlr5
,,Dhx36
,,Sema4a
,,4930509E16Rik
,,Cd96
,,Gtdc1
,,Cnnm1
,,Serp1
,,Fam160a1
,,Mir3473a
,,C2cd2l
,,Ier5l
,,Zcchc14
,,Ppp6c
,,Rabggta
,,Gm9899
,,Leng8
,,Psmg4
,,Enpp3
,,Dennd1b
,,Mx2
,,Mtmr10
,,Snupn
,,Crkl
,,Hist1h4m
,,Nsun6
,,Srp54a
,,Arhgap5
,,Bola1
,,Xrcc2
,,2310030G06Rik
,,Slc37a1
,,Glmp
,,Styx
,,Gm11837
,,Akr7a5
,,Fzd7
,,Ehmt2
,,Smoc1
,,Trim69
,,Capn7
,,Rps6
,,Kcnmb4
,,Fam49b
,,Rabgef1
,,Myrf
,,Tm2d1
,,Hist1h3e
,,Top1
,,Noxred1
,,Ythdf2
,,Car3
,,Dglucy
,,1700047A11Rik
,,3110099E03Rik
,,Pgm2
,,Sdhc
,,Stard5
,,Mir130a
,,Nkx2-6
,,Uggt1
,,Psme4
,,Mir7687
,,Gars
,,Comp
,,Erdr1
,,Prdx2
,,Irgm2
,,Pfkfb2
,,Sec23a
,,Bnip1
,,Fscn1
,,Nup98
,,Mir215
,,Atp5md
,,Usp47
,,Suz12
,,Wfdc21
,,Cox18
,,Mertk
,,Mir99ahg
,,Laptm4a
,,A330032B11Rik
,,Mup9
,,Hmgcs1
,,Mrpl39
,,Tmem266
,,2010308F09Rik
,,Rpl11
,,Nipsnap1
,,Dnajc7
,,Gm5577
,,Zcchc24
,,Rit1
,,Pkp4
,,Rps12
,,Tcf4
,,Katna1
,,Kif5b
,,Ces1f
,,Ldhd
,,Srsf7
,,Heca
,,Gm36028
,,Jak2
,,Fblim1
,,Spast
,,Rps26
,,Donson
,,Isy1
,,Fam120a
,,Snx4
,,Sigmar1
,,Cactin
,,Mprip
,,Atxn2l
,,1700109G15Rik
,,Ripk4
,,1700060C20Rik
,,Ufl1
,,Slc24a3
,,Tnpo1
,,Zmiz2
,,Apip
,,Serpinf1
,,Cdkl3
,,Cox4i2
,,Gstk1
,,Sirt7
,,C1d
,,Lipt1
,,Kctd6
,,Apoa4
,,Ocel1
,,2010003K11Rik
,,Arl6ip1
,,D730003I15Rik
,,Abcg1
,,Adcy2
,,Sult1b1
,,Sbds
,,Ptgds
,,Gm9833
,,Usp18
,,Adssl1
,,Gm20036
,,Morf4l1b
,,Shtn1
,,Mirlet7f-2
,,Apcs
,,Ces2e
,,Lrrtm2
,,Pakap
,,Gm6961
,,Zfp119b
,,Cep85
,,Trim59
,,Fosb
,,Pafah2
,,Psma2
,,Invs
,,Cplane2
,,Mir7682
,,Klrb1b
,,Parp9
,,Slc22a26
,,Fam81a
,,Pdss2
,,Igsf5
,,Tmem94
,,Snx14
,,Mtmr3
,,Dnajc22
,,Rpl30
,,Polr2h
,,Cbfa2t3
,,Usp53
,,Hnrnpul1
,,Insyn2a
,,Adgrf1
,,F11r
,,Golga2
,,Atg2b
,,Tmem209
,,Zfp2
,,Gm4890
,,Abca4
,,Tcf3
,,Vmn1r3
,,Ildr2
,,Mir1898
,,Parp3
,,Pde9a
,,Pln
,,Supt5
,,Scaper
,,Mir762
,,Ccdc148
,,Mctp2
,,Crtc2
,,Stub1
,,Nrg1
,,Zfp143
,,5430421F17Rik
,,Lrrc69
,,Mir7212
,,Pnp
,,Fbxo34
,,Ifitm7
,,Ywhaz
,,Akt1s1
,,Urah
,,Rnf113a2
,,Cox7c
,,Il34
,,Mir361
,,Sptlc2
,,Cct3
,,Gm11696
,,2310001K24Rik
,,Phf20
,,Atrx
,,Cacnb4
,,Angpt2
,,Tdp2
,,Ccnd1
,,Kcnj13
,,Irf3
,,Sybu
,,Marveld1
,,BC002163
,,Surf1
,,Atp6v1g1
,,Sorcs3
,,Pex11a
,,Gm15880
,,Cux1
,,Arf4
,,4933417E11Rik
,,Prr14
,,Ssc4d
,,Qpct
,,Slc50a1
,,Kdsr
,,Loxl4
,,LOC102631757
,,Akap1
,,Egr1
,,Vamp2
,,Taf8
,,Sgsm2
,,Pex7
,,Tnrc6a
,,Cep95
,,Snord58b
,,Vmn1r90
,,Irgm1
,,Fech
,,Gng7
,,Yif1b
,,Cyp2c67
,,Oasl2
,,Lacc1
,,Depdc7
,,Prodh2
,,Apol9a
,,Mapkapk5
,,Plb1
,,Rpl9
,,Gm13710
,,B3galt6
,,Rrbp1
,,Ppip5k2
,,Hipk3
,,Gm5544
,,Tm9sf3
,,Sharpin
,,Twf2
,,Olfr16
,,Fam135a
,,Gbp11
,,Cyb5r3
,,Rhpn2
,,Csnk1a1
,,Spry4
,,Mmaa
,,Sorbs2os
,,Ermard
,,Scfd1
,,Plek2
,,4833420G17Rik
,,Hibch
,,Dnajc5
,,Rad17
,,Serpina4-ps1
,,4930511A08Rik
,,Sfpq
,,Rbm8a
,,C1s1
,,Gnb1
,,Uhrf2
,,Lnx1
,,Wdr12
,,Tbc1d20
,,Bzw1
,,Ipo8
,,Gng4
,,Gm17830
,,Me1
,,A730017L22Rik
,,Pgd
,,Tmem38a
,,Mmp14
,,Dnttip2
,,Rab28
,,Srprb
,,Fryl
,,Cyp2c37
,,Ino80
,,Zfat
,,Rnft1
,,Mir698
,,Ash1l
,,Mir7670
,,Phgdh
,,A330008L17Rik
,,Utp20
,,Pabpc2
,,Wdr20
,,Zfhx3
,,F12
,,Sh2d4a
,,Acvrl1
,,Rplp0
,,Wdr82
,,Bsg
,,Dcun1d1
,,Mpst
,,Pcmtd2
,,Ddx56
,,Taf5
,,Spc24
,,Ugt2b37
,,Rev1
,,Tmem25
,,Pank2
,,Gm19582
,,B3gat3
,,Mir6541
,,F13b
,,4933406C10Rik
,,Fam220a
,,Cxcl17
,,Cog4
,,1700084E18Rik
,,Grb10
,,Man1a2
,,Ldhb
,,Slx4
,,Dym
,,Tent5c
,,Shcbp1
,,Gm7168
,,Amdhd2
,,Hist1h4d
,,Hnrnpd
,,Paxx
,,Gm6297
,,Gpx7
,,Nmrk1
,,Armc2
,,Taco1
,,Gcsh
,,Lsr
,,Tkt
,,G630025P09Rik
,,Sulf2
,,Klhdc2
,,Plscr1
,,Arl9
,,Stard7
,,Gm31108
,,Sec23ip
,,Txnrd1
,,Olfr267
,,Agxt
,,Rskr
,,Csrnp1
,,Mmp21
,,Ank2
,,Rel
,,1700029N11Rik
,,Mettl26
,,Abcc10
,,Clns1a
,,Ube2v2
,,Cpsf4l
,,Myo1d
,,Cd9
,,Apol9b
,,Prkca
,,Nars
,,Parn
,,Cipc
,,Cenpl
,,Mapk7
,,Mrpl48
,,Dnmt3aos
,,Safb2
,,Jph2
,,Chml
,,AW112010
,,Entpd4
,,3110056K07Rik
,,Ccar1
,,Snord85
,,Tmem126a
,,Nktr
,,Piwil2
,,Fhl4
,,Zbtb17
,,Camk2b
,,Utrn
,,Gm16853
,,Aftph
,,Slc35e3
,,Synj1
,,Zdhhc12
,,Atg101
,,Lcp1
,,Zfp106
,,Snord17
,,Cyp4f14
,,Lipe
,,Igsf23
,,Pnmal1
,,Get4
,,Rab11fip4os2
,,Snap29
,,Tlr9
,,Frrs1l
,,Gale
,,Pitpnb
,,Mtfr2
,,Oplah
,,Mindy3
,,Heatr5b
,,Aldh6a1
,,Xrn2
,,Chsy3
,,Fbxl20
,,Gjb1
,,Map3k21
,,Serpine1
,,Srp68
,,Fam83a
,,A730056A06Rik
,,Cphx2
,,Map2k7
,,Morf4l2
,,Gin1
,,Scgb1a1
,,Rexo4
,,Brwd1
,,Gas7
,,Ilf3
,,Necab1
,,Sh2d5
,,Actr2
,,Sult2a5
,,Golga5
,,Mir3471-2
,,Tlr1
,,Mal2
,,Gk
,,Mir1192
,,Uqcrb
,,Yars
,,Zfp871
,,Mir1982
,,1500026H17Rik
,,Pdxk-ps
,,Edem3
,,Mir6961
,,Pla2g15
,,Chrm4
,,Gm5617
,,Atp2b2
,,Ccn1
,,Zfp687
,,Zadh2
,,Oxr1
,,Erg28
,,Pcca
,,Fcho2
,,Isyna1
,,Ensa
,,Oaz1
,,Pitpnm2
,,Klhl24
,,Tmem201
,,Gm21859
,,Nek9
,,Pdcd1lg2
,,Ptms
,,Egln1
,,1700064J06Rik
,,Zranb3
,,Eps8
,,Gm7457
,,Cfap36
,,Pdp1
,,Il1rl2
,,Psmd4
,,Fanca
,,Ppp4r3b
,,Akap9
,,Mdh2
,,Clcn3
,,Gm10790
,,Atg16l1
,,Fmc1
,,Eif4ebp2
,,Slc22a30
,,Psmg2
,,Sar1a
,,Pbk
,,Usp39
,,4930480K23Rik
,,Fus
,,Gm38397
,,Pcbd2
,,Supt6
,,Cxxc5
,,Rab11b
,,Tnrc6b
,,Rcor1
,,Tmem245
,,Zbtb8os
,,Slco1c1
,,Ears2
,,Hexim2
,,Rad52
,,Zc3h11a
,,Ctsc
,,Zfp27
,,Mir6920
,,Trir
,,Cul3
,,Fam72a
,,B3gnt2
,,Gm10635
,,Herc6
,,Wnt8b
,,Alkbh5
,,Myocos
,,4932411N23Rik
,,Gm5105
,,Abhd1
,,Rbm33
,,Hyou1
,,Golga3
,,Hbp1
,,Canx
,,Spdye4c
,,2900076A07Rik
,,Farp2
,,Rdm1
,,Hist1h2ae
,,Inka2
,,Sec16a
,,Swi5
,,Caap1
,,Calm2
,,Nup188
,,Cpsf1
,,Bdkrb1
,,Chchd2
,,Golim4
,,Plcz1
,,Itga2b
,,Cwc27
,,Sprtn
,,Nedd9
,,Fkbp11
,,Kcnv2
,,Ncoa5
,,Slc16a1
,,Impdh2
,,Ift57
,,Il12rb1
,,Cbr1
,,Gm536
,,Mirlet7c-2
,,Snora33
,,Amfr
,,Thap7
,,1700030N03Rik
,,Epn2
,,Atp5g3
,,Cspg5
,,Flot2
,,Tecpr1
,,Tjp1
,,P4ha1
,,Cables1
,,Yes1
,,Nrip1
,,Gm5176
,,Tmem135
,,Trpc1
,,Gm10804
,,Gm16731
,,Rnf10
,,Acvr1
,,Tasor
,,Slc5a6
,,E2f6
,,Tecr
,,Tubgcp4
,,G0s2
,,2610507I01Rik
,,Zfp652os
,,E2f2
,,Nutf2
,,Pmm1
,,Clasp1
,,Prkrip1
,,Fam8a1
,,Hipk1
,,Mapkbp1
,,Bicc1
,,Gas5
,,Gpatch11
,,Zfp652
,,Il4ra
,,Nvl
,,Gm6498
,,Dtymk
,,Adamts1
,,Edaradd
,,Gm25500
,,Gm3336
,,Mphosph6
,,Ppid
,,3830432H09Rik
,,Eif4a1
,,Styxl1
,,Cul1
,,Sgms2
,,Mir5101
,,Tmed5
,,Ikbke
,,Nudt13
,,Pdpk1
,,Hnrnpc
,,Rpl10
,,Tmbim1
,,Slc22a28
,,Wdr81
,,Gm20268
,,Cdkl4
,,Ppp1r15a
,,Zfp148
,,Mfn1
,,2810002D19Rik
,,Washc4
,,Eif2b4
,,Tmem39a
,,Mtf2
,,Lrfn3
,,Dtnbp1
,,Zfyve19
,,Cnot9
,,2310039H08Rik
,,Chek1
,,Miga2
,,Zfp521
,,Kcna4
,,Nmd3
,,Mir5100
,,Aurkaip1
,,Casc3
,,Nme7
,,Dnm2
,,Zbtb42
,,Ccdc50
,,Dnaja2
,,Atp6v0a2
,,D17H6S53E
,,Mmp19
,,Hspa1b
,,Uros
,,Kif16bos
,,Sh3bgrl2
,,Tomm70a
,,1700084J12Rik
,,Calhm5
,,Lmbrd1
,,4930573H18Rik
,,Acer2
,,Ankub1
,,Grtp1
,,Mir6991
,,Taf2
,,Tor1a
,,Ak3
,,Rfx5
,,Rpl32l
,,Adprh
,,Tnfsf15
,,Ick
,,Ssbp3
,,Alad
,,Gfi1
,,Rtn4ip1
,,Cnn2
,,Arfgap2
,,Pcbp4
,,Mxd3
,,Prkar2a
,,Tbccd1
,,Mettl23
,,Kif13a
,,Ganab
,,Phf20l1
,,Cops5
,,Nosip
,,Kalrn
,,Cln3
,,Hmg20b
,,Nubp2
,,Lrrc8d
,,Rnf130
,,Mllt3
,,Sde2
,,N4bp3
,,3300005D01Rik
,,Gpm6a
,,Mbd6
,,Pkd2l2
,,Hcar2
,,Gm26839
,,Gm9776
,,Mir3470a
,,Rufy3
,,Rufy2
,,4930524B15Rik
,,Gpsm3
,,F5
,,Vps13b
,,Rps11
,,Lars
,,Cideb
,,Atl3
,,Zfp706
,,Atp2a3
,,Cramp1l
,,Selenok
,,8430426J06Rik
,,Ssh2
,,Mir6897
,,Oit3
,,Mir761
,,Sim1
,,Olfr49
,,1700108F19Rik
,,Kpna3
,,BC053393
,,Timd2
,,Acsm3
,,Rest
,,Ap5z1
,,Mmd2
,,Ufc1
,,Rtn4rl1
,,Imp4
,,Gm10400
,,Tars2
,,Snorc
,,Sost
,,Dgcr2
,,Rps15a-ps4
,,Tial1
,,Ndufaf6
,,Mir802
,,Col12a1
,,Pgm3
,,Gna14
,,Scn2b
,,Gspt1
,,Ehd1
,,Itga5
,,Usp16
,,Zzef1
,,Aqp4
,,Grin2c
,,Gpsm2
,,Lhpp
,,Ppil4
,,Oip5os1
,,Banp
,,Caln1
,,Pabpc5
,,Myc
,,Gm4013
,,Tor1b
,,Clta
,,Prdm14
,,Slc28a1
,,Dact2
,,C230014O12Rik
,,Bmp2
,,Sdf4
,,Alkbh3
,,Usp49
,,Hist1h1e
,,Txnl4b
,,Rnf13
,,Mir128-2
,,Adipor1
,,Mir7090
,,Erc1
,,Tnks
,,Ap3b1
,,Hmgn1
,,Zdhhc13
,,Gpr12
,,1700123M08Rik
,,Lgals7
,,Zfp180
,,9630028B13Rik
,,Acot3
,,Ascc1
,,Psip1
,,Hist1h4i
,,Rab4b
,,Sympk
,,Samm50
,,Prr13
,,Zfp623
,,Ccnf
,,Otof
,,Bcas2
,,Tcea1
,,Commd5
,,Polr1a
,,Palmd
,,Creb3l1
,,Slc15a5
,,Eif4a2
,,Rnf11
,,Fbf1
,,Manba
,,Bet1l
,,Sspn
,,BC005561
,,Sebox
,,Prpf3
,,AI429214
,,Jpt2
,,2310022B05Rik
,,Spsb2
,,Psmd12
,,4930459C07Rik
,,Mpdu1
,,Hmbox1
,,Hdhd2
,,Zfp784
,,Mir7226
,,Snord66
,,Ofcc1
,,Sesn1
,,Hnrnpm
,,Scn3a
,,Rela
,,Exosc4
,,Gm38416
,,Acsl3
,,Cda
,,Bbs10
,,Rif1
,,Phyhd1
,,Zbtb2
,,Snord99
,,Stx6
,,1700049E22Rik
,,Ik
,,Tarbp2
,,Bloc1s2
,,Cyp4f17
,,Grn
,,Wrb
,,Llgl1
,,Rnaseh2c
,,Mcm7
,,Alg8
,,Slc35a4
,,Ube2n
,,Rdh10
,,4933408B17Rik
,,Ift122
,,Sec23b
,,Trim13
,,Nme1
,,Arpc3
,,Gm10190
,,Nrxn1
,,Stxbp5
,,Tcp11l1
,,Mir8097
,,Hint3
,,Spata46
,,Sox6
,,Gtf2h1
,,Ecpas
,,Zfp719
,,Dld
,,Gbx2
,,Mcrip1
,,Isoc2b
,,Atp9a
,,45174
,,4930453N24Rik
,,Atf1
,,Eif3j2
,,Khdc4
,,Ubr3
,,Ints6
,,Abce1
,,Platr22
,,Atp11c
,,Midn
,,4930401O12Rik
,,Ubtd1
,,Fam76b
,,Mir5133
,,Akr1c13
,,Faf2
,,Kifc3
,,Mirlet7i
,,Mir5113
,,Ust
,,Tonsl
,,Atg16l2
,,Eloa
,,Atp6v1a
,,Znrf1
,,Eef1akmt4-ece2
,,Cstf3
,,Dedd
,,Zdhhc6
,,Yod1
,,Pafah1b2
,,Dpp3
,,Aagab
,,Gnb1l
,,Nxph1
,,AY512915
,,Ube2f
,,Snx5
,,Cerk
,,Iars
,,Nsmaf
,,Garem1
,,Bcl6b
,,Spty2d1
,,Gm42274
,,Pank3
,,Slc16a2
,,Ppifos
,,Ap2a2
,,Nkx2-4
,,Shld3
,,Cds1
,,Epn1
,,Psmd2
,,Plk4
,,A130077B15Rik
,,Plekha7
,,Tspan4
,,Kank2
,,1700066M21Rik
,,Naa25
,,Dcaf7
,,Gm6300
,,Setd2
,,Mob1b
,,Ipo5
,,Dusp16
,,Zkscan3
,,Klhl36
,,Aoah
,,Mcc
,,Caml
,,Mpp4
,,Klf17
,,Mrpl12
,,Rbbp6
,,Snw1
,,Lenep
,,Azin2
,,Ptk2b
,,Rnf123
,,Aadat
,,Irak1bp1
,,Haus1
,,Pdcd6
,,Spp2
,,Golph3
,,Mir7026
,,Ddo
,,Fam131c
,,Icam1
,,Map9
,,Uts2b
,,Capn9
,,Brk1
,,Yipf4
,,Ppia
,,Gm4432
,,Rbm14
,,Arih2
,,Ncstn
,,Sptssa
,,Ecd
,,Gatad1
,,Vapb
,,Heatr1
,,1700023C21Rik
,,Dpf1
,,Rab5b
,,Phf23
,,Pias1
,,Timm29
,,Gask1a
,,Mms22l
,,Wwp1
,,Cdh10
,,Golga4
,,Tsn
,,Magi3
,,Snx9
,,Pomt2
,,A930007I19Rik
,,Mir6994
,,Gpr37l1
,,Fignl1
,,Dnajc13
,,Osbp
,,Rnf167
,,Fam126b
,,Arl14
,,Chadl
,,Cnih4
,,Anapc7
,,Tmed7
,,Ccl9
,,Mfsd11
,,Thoc3
,,Tfr2
,,Mier1
,,Frat2
,,Emsy
,,Pcm1
,,Btaf1
,,Acp2
,,Mreg
,,Tns4
,,Rnf186
,,Zc3h3
,,Bhmt
,,Cdk2ap1
,,Frmd6
,,Clec2h
,,Apbb2
,,Mdh1
,,E530011L22Rik
,,Mpeg1
,,Cct4
,,Xrcc1
,,Ahdc1
,,Frg2f1
,,Shisal2a
,,Ddx55
,,Lman2
,,Mdn1
,,Abcc9
,,Gpr108
,,Sh3d21
,,Lincred1
,,Foxn2
,,Mir8091
,,Ugt1a2
,,Reln
,,Cend1
,,C1ql4
,,Myo5b
,,Capza2
,,Gm10638
,,Matr3
,,Timm13
,,Col4a2
,,Sgpp1
,,Tbc1d10a
,,Sh3bgrl
,,Man2c1
,,AA986860
,,9330175E14Rik
,,Wdr5b
,,Alyref
,,Ubn1
,,Fgfr1op2
,,Sec31b
,,Camkk2
,,Ppm1d
,,Gga1
,,Gab1
,,2610528J11Rik
,,Ercc3
,,Pon3
,,Myadm
,,Adam7
,,Tead1
,,2310039L15Rik
,,Rps17
,,Rnf145
,,Pabpc1
,,Gas2l1
,,Tchhl1
,,Ndufa12
,,Tex264
,,Rdh16f2
,,Dohh
,,Fhl5
,,Sema6b
,,Eid3
,,Pde3a
,,Tubb5
,,Pms1
,,Rab3ip
,,Zbtb43
,,Stard9
,,Clec16a
,,Fbp2
,,Matn4
,,Dysf
,,Mical2
,,Uqcr11
,,Dlst
,,Nkx6-2
,,Selenbp1
,,9530036O11Rik
,,Gm27162
,,Pdik1l
,,Cyp51
,,Mtmr12
,,Fam92b
,,Ipo7
,,Vcpkmt
,,Anks1b
,,Tmx1
,,P4htm
,,Cebpzos
,,Tvp23a
,,Cdc14a
,,Zbtb7a
,,Mfsd13a
,,E330033B04Rik
,,Ankle2
,,Lrrc8a
,,Gm3716
,,Trim23
,,Kcnk4
,,Arhgap35
,,Pibf1
,,Mir7675
,,Pnisr
,,Crip2
,,Gm4719
,,Skap2
,,Txn1
,,Rarres2
,,Lamtor2
,,Ccdc130
,,Avl9
,,Calhm2
,,Gm35978
,,1810058I24Rik
,,F2r
,,Mapk3
,,1110028F11Rik
,,Cand1
,,Spats2
,,Col23a1
,,Zfp329
,,Cyp2b10
,,Haghl
,,Cep112
,,Myl12b
,,Ppp3cc
,,Scaf8
,,Dmxl2
,,Pmpcb
,,Ndufs1
,,9530062K07Rik
,,Dll1
,,Igfbp5
,,Pelo
,,Gnai3
,,Dync1h1
,,Rab10
,,Slc47a2
,,Flrt3
,,Farsa
,,Glrx5
,,Cdkl2
,,Fcf1
,,Rpa1
,,Tmco3
,,Tmem87a
,,Ggh
,,Rpl29
,,Enpep
,,Skp1a
,,Tmem51
,,Bmpr2
,,4930506C21Rik
,,Mir592
,,Msh2
,,Clcc1
,,Hps3
,,Sra1
,,Zdhhc14
,,Cxcl13
,,Atpaf1
,,Snora81
,,Calml3
,,Echs1
,,Zfp513
,,Stmnd1
,,Eps15
,,Mtrex
,,Tomt
,,Spag6
,,E2f3
,,Stxbp6
,,Hip1r
,,Kat8
,,Mir6392
,,Rex1bd
,,Ftsj3
,,Ccdc177
,,Dsc1
,,Coq5
,,Gm45913
,,Slc35b2
,,Gse1
,,Cdadc1
,,9430091E24Rik
,,Xiap
,,4933401D09Rik
,,Stox1
,,Fbxo38
,,Mipep
,,6430548M08Rik
,,Srek1
,,Rars
,,Hspb11
,,Itpkc
,,Pcgf3
,,Adamts9
,,Gpr155
,,Ldhc
,,Creb3l2
,,Maff
,,Ift46
,,Btbd9
,,Rfesd
,,Vapa
,,Cbx3
,,Pdia6
,,Gm16336
,,2410022M11Rik
,,Ssr2
,,Utp25
,,Adig
,,Tmem200b
,,Creld1
,,Krcc1
,,Glce
,,Rab18
,,Rarb
,,Ppib
,,Plekho2
,,Fcsk
,,Dek
,,Cfap52
,,Eif2s1
,,Ptch2
,,1700001L05Rik
,,Cfap410
,,Mir15a
,,Nrde2
,,Fdxr
,,Gm9958
,,Nhlrc3
,,Gm5535
,,Ldlrad1
,,Tle5
,,Proser1
,,Tomm34
,,Cerkl
,,1700112H15Rik
,,Sfmbt1
,,Ddx39b
,,Senp3
,,Asap1
,,Lamtor1
,,Gm15348
,,Sema3b
,,Ccdc186
,,Klc4
,,Txndc15
,,Gnat3
,,Gak
,,1500004A13Rik
,,Gnai2
,,Coro7
,,Ndrg3
,,Csnk2a1
,,Dusp22
,,Rbm26
,,Ahr
,,Hdac4
,,Cdkn2c
,,Cep170b
,,Rc3h1
,,Crk
,,Mtfp1
,,Sdhb
,,Fam104a
,,Tmem26
,,Bcat2
,,Dusp4
,,Tspan10
,,Mapre3
,,Agl
,,Capn2
,,Qrich1
,,Rbm12
,,Mir203
,,Mir7011
,,Arap2
,,Bin2
,,Nde1
,,Rab9
,,Morn5
,,Mtpn
,,Grhl2
,,Kpnb1
,,Mtmr2
,,Tmem33
,,Pdcd2l
,,Vps50
,,Hist1h3b
,,Moxd2
,,Csad
,,2610035D17Rik
,,C87436
,,Tpm1
,,Fam107a
,,Wtap
,,Wdcp
,,Cpm
,,Spns2
,,Serpina16
,,Cabp2
,,Gm17597
,,Mir1933
,,Snora19
,,Dleu2
,,Fhl2
,,Fars2
,,Mir3077
,,Snx3
,,Hagh
,,Gm14635
,,Orc6
,,Tuba3b
,,Atp6v0a1
,,Rpl41
,,Senp6
,,Acad8
,,Mrpl22
,,Inhba
,,Fam151a
,,Chchd3
,,Zfhx2os
,,Cd59b
,,Sytl1
,,Slc16a6
,,Nop2
,,Nop16
,,Stac2
,,Gzmm
,,Rundc1
,,Ginm1
,,Arf6
,,Foxk2
,,Dusp3
,,Nxnl2
,,Spag5
,,Asah1
,,Snapc1
,,Coro6
,,Frrs1
,,Jade2
,,Prr5l
,,Zfp622
,,Atn1
,,Slc2a6
,,Crnkl1
,,Gm5083
,,Srr
,,1700016C15Rik
,,Anp32e
,,Coro1b
,,Fam234b
,,Prkdc
,,Lgals3bp
,,Kdm7a
,,Adh6b
,,2310020H05Rik
,,Maz
,,Gstm6
,,Fam136a
,,Acvr2b
,,Stag2
,,Gm24148
,,Gm8615
,,She
,,Ip6k1
,,Glt28d2
,,Slc38a10
,,Zfp189
,,Eln
,,Pts
,,Zfp53
,,Zfp365
,,Saraf
,,Lmod2
,,Rbm7
,,Ociad1
,,5830417I10Rik
,,Fbl
,,Ccdc127
,,Actr10
,,Dcaf12
,,Hist1h4n
,,Gm32229
,,Rexo1
,,A730085K08Rik
,,Sin3a
,,Ctrc
,,Mir28b
,,Eif6
,,Sh3bp2
,,Tex12
,,Gm12505
,,Ino80dos
,,Hist2h2ab
,,Mbd2
,,Cenpx
,,Mrpl49
,,LOC102632463
,,Jagn1
,,Micalcl
,,Hint2
,,Letm2
,,Sipa1l3
,,Nrep
,,Tacc1
,,D930007P13Rik
,,Eif2b5
,,Fgfr3
,,Khdrbs1
,,Mir3569
,,Cpsf7
,,Man2c1os
,,Gm12359
,,Cabin1
,,Armt1
,,Nap1l5
,,Mir6417
,,Dcaf5
,,Fes
,,Kcnq5
,,Enpp5
,,Extl3
,,Cbx5
,,Oga
,,Gm10440
,,Ahcyl1
,,Prkcz
,,Esco2
,,Epb41l1
,,Tmem183a
,,Cib1
,,Med21
,,Fzd9
,,Sfrp1
,,Tmem107
,,Antxr2
,,Scarna6
,,Arl2
,,Mir6996
,,4930447K03Rik
,,Mplkip
,,U2af2
,,Ppip5k1
,,Rnase12
,,Gbf1
,,Myh10
,,Abhd10
,,Fbxw11
,,Fam71e1
,,Zc3h13
,,Scaf4
,,Rnf214
,,Ddx46
,,Epp13
,,Lrp10
,,Kbtbd4
,,Wbp4
,,Snord19
,,Hgs
,,Dppa3
,,Imp3
,,4930544M13Rik
,,Vamp5
,,Nemp1
,,Vkorc1l1
,,Blvra
,,Ppp4c
,,Tfg
,,Slc34a1
,,Ddhd1
,,Nipal1
,,Arf5
,,Pdxk
,,Vnn3
,,Rsbn1
,,H2-Q8
,,1700123O21Rik
,,1700001K19Rik
,,Spcs2
,,Bace1
,,Pdcd7
,,Taok2
,,Hist1h3a
,,Tomm20l
,,Purb
,,Txnl1
,,Baz2b
,,Mup5
,,Cct6a
,,Vaultrc5
,,Ccdc62
,,Nmnat2
,,Tmem216
,,Nol7
,,Iars2
,,Tufm
,,Tcaim
,,Stt3b
,,Zmym5
,,Cdk17
,,Aicda
,,Lypd4
,,Mif4gd
,,Hivep1
,,Btn1a1
,,Trappc9
,,Syne2
,,Mir3073b
,,Btbd8
,,1500015A07Rik
,,Edf1
,,Smad5
,,Saa2
,,Sfxn5
,,Eri1
,,Efhd1
,,Mir6979
,,Ap1g1
,,Trip4
,,Mir1839
,,Nol4
,,4930583K01Rik
,,Cyp20a1
,,Ctnna1
,,Smim14
,,Keap1
,,Ccnb1
,,Pdzd9
,,Tmprss12
,,Usp37
,,9430037G07Rik
,,Inpp5f
,,Dffa
,,Myo1c
,,Rubcn
,,Ripor2
,,Mphosph8
,,Rbms2
,,Ttc7b
,,Snora3
,,Snora16a
,,Atad1
,,1700008C04Rik
,,Srpk2
,,Pnpla6
,,Arhgap12
,,Rad54b
,,Fig4
,,Dmgdh
,,Top1mt
,,Ddx1
,,Stk16
,,Rps21
,,Ltbr
,,Gm12718
,,Vps54
,,Ranbp17
,,1700023D09Rik
,,Rnf146
,,A730082K24Rik
,,Tor3a
,,Naglu
,,Arpc5l
,,Gm33174
,,Derl3
,,Atg10
,,Gstm4
,,Clcn7
,,Mir7-1
,,Capn3
,,Acot5
,,4930430F21Rik
,,Cr1l
,,Epha1
,,Dpy30
,,Ccdc117
,,Tra2b
,,Appl1
,,Pstk
,,Nexn
,,Scamp4
,,Cdt1
,,Dhx34
,,Apeh
,,1700030C10Rik
,,A930019D19Rik
,,Plscr3
,,Tram1
,,Tmem70
,,1810014B01Rik
,,Dmxl1
,,Zc3h8
,,Nap1l4
,,Mrpl24
,,Cspp1
,,Sprr2k
,,Tpr
,,Wdr43
,,Mafk
,,Ddit4
,,Phldb2
,,Kdf1
,,Dcaf6
,,Tulp1
,,Gm15694
,,Hsd17b11
,,Sec22a
,,1700034J05Rik
,,Cdkn1b
,,D130020L05Rik
,,Stag1
,,Ndufs7
,,Tmem54
,,Pkn2
,,Trim27
,,Slc18a1
,,Hapln1
,,Ldlrap1
,,Gm36480
,,Kmt2d
,,Rock1
,,Gzmk
,,Zfp637
,,9430038I01Rik
,,Col27a1
,,Ttc8
,,A130010J15Rik
,,Gm34637
,,Kiss1
,,Lgalsl
,,Thnsl1
,,Hsd3b7
,,Crtc1
,,1700030A11Rik
,,Zfp24
,,Cd276
,,Snord45c
,,Naa30
,,Eif3d
,,Eef1aknmt
,,C630043F03Rik
,,Raver2
,,D8Ertd738e
,,Cbfa2t2
,,Rab7
,,Zfp553
,,Smim26
,,Id1
,,Il33
,,Mtg1
,,Capn12
,,Gm12130
,,Rslcan18
,,Lyrm7
,,Vdac1
,,Snhg15
,,Igf2r
,,Isca1
,,Atoh7
,,AU040320
,,Mir1251
,,Api5
,,Echdc3
,,Klhl9
,,Sh3gl1
,,Idi2
,,Tpm3
,,Yme1l1
,,Cul5
,,Nap1l1
,,Snrnp200
,,Tomm22
,,Mettl14
,,Fam192a
,,Xxylt1
,,Zdhhc17
,,Tra2a
,,Spon2
,,Armc9
,,Prtn3
,,Nt5e
,,Atat1
,,Tiprl
,,Pecam1
,,Rasa3
,,Mir126b
,,Slc35b4
,,Stx12
,,Gsta1
,,Eif2ak1
,,Adamts12
,,Trappc4
,,Usp33
,,Cd83
,,Rbm15b
,,Ctsa
,,4632428C04Rik
,,Dnajc11
,,Stk38l
,,Armc7
,,En1
,,Cyp2c69
,,Snord11
,,Hnrnpk
,,Slc31a2
,,Rab1b
,,Mir1932
,,Snora64
,,Cebpe
,,Rb1cc1
,,Rassf10
,,Ciapin1
,,Angel2
,,4930443O20Rik
,,Mir3473d
,,LOC108167416
,,Cic
,,Dsn1
,,Phldb3
,,Tstd1
,,Rab26os
,,Pheta1
,,Tigd4
,,Rps25
,,Synrg
,,Map4k5
,,Pcp4l1
,,Psmc2
,,Phf11c
,,Gm6559
,,Lcmt1
,,Sephs1
,,Htr2b
,,Lmnb2
,,Tmem156
,,Il1r2
,,Cep152
,,Nphp3
,,Pabpn1
,,Ugt3a2
,,Baz1a
,,Gm15708
,,Tmed10
,,Tbc1d5
,,Pdcl3
,,Abl1
,,Trhr2
,,Tmem30a
,,Mir6354
,,Snx1
,,Vcl
,,Wdr90
,,Zfp112
,,Gm10389
,,Ypel4
,,Zfp84
,,Armh3
,,Inpp5e
,,Ppp1r12c
,,Gm9159
,,Fkbp3
,,Fermt3
,,Mitd1
,,2310009B15Rik
,,Rps13
,,Mterf3
,,Rnf20
,,Cast
,,Med11
,,Mybbp1a
,,Tlk2
,,B020004C17Rik
,,Agpat2
,,Phrf1
,,Dnajc21
,,Gga2
,,Cyp4a12a
,,Pllp
,,Bmf
,,Ubxn2b
,,Klrb1-ps1
,,AU022252
,,Impact
,,Rgs9bp
,,Hormad2
,,Aarsd1
,,A630095N17Rik
,,Atf4
,,Phykpl
,,Esf1
,,Psma7
,,Krt18
,,Psmb1
,,Nfkb1
,,Endog
,,Fbxo6
,,1010001N08Rik
,,Rwdd2a
,,Tmem102
,,Rnf6
,,1810062G17Rik
,,Setdb1
,,Ddx49
,,Acbd4
,,Gm5294
,,Tmem260
,,Alk
,,Rb1
,,Kdm4a
,,Cln5
,,Mir146
,,Srp54c
,,Golga1
,,Tlr11
,,Slc25a34
,,Plce1
,,Olfr1393
,,Ccdc40
,,Cox17
,,Spred1
,,Gm45924
,,Rabepk
,,Cenpc1
,,Snord45b
,,Orc3
,,4930529K09Rik
,,Pomk
,,Luc7l
,,Hist1h2ba
,,Lgals6
,,Ywhag
,,Slc17a9
,,Serpinb8
,,Zfp572
,,Drg1
,,Phf5a
,,Tex14
,,Mip
,,Gm8016
,,Rbm22
,,Ppm1f
,,4831407H17Rik
,,Mir6950
,,Hs2st1
,,Stra6l
,,Fam217a
,,Celsr1
,,Rorc
,,Gm13884
,,Smurf1
,,Lrrc59
,,Cnbp
,,Cyp2c68
,,Tbc1d15
,,4933433G19Rik
,,Mir5626
,,Mat2b
,,Pwwp2a
,,Atp6v0e2
,,Atp4a
,,Elf5
,,Eps8l3
,,Strada
,,Mfsd6
,,Dcakd
,,Tom1l1
,,Klrg2
,,Ikbkb
,,E330017L17Rik
,,Slc30a1
,,Vmn2r21
,,Adamts14
,,1700022I11Rik
,,Psmc6
,,Lrrc57
,,Rpl35
,,Map3k14
,,Kcnj1
,,Ggt6
,,Nae1
,,Sox18
,,Tmod3
,,Lsmem1
,,4930524C18Rik
,,Coq3
,,Mast2
,,Adamts2
,,Htatip2
,,Sypl
,,Mir467f
,,Smok3b
,,Sox15
,,Gm8541
,,1700012I11Rik
,,Wdr72
,,Slc22a21
,,Zfr
,,Clhc1
,,Igdcc4
,,3110040N11Rik
,,Fbxl8
,,Trim80
,,Dhx16
,,Mir12189
,,Sumf1
,,Tollip
,,Ints5
,,Sap18
,,Adamts6
,,Mir6387
,,Lrrc51
,,Rbsn
,,Btbd19
,,Ell3
,,Gm9733
,,Slc30a6
,,Zfp664
,,Slc25a20
,,Tmprss2
,,Mir7676-2
,,Olfr161
,,Itprid2
,,Chchd1
,,Hist2h3b
,,Ifi35
,,Gm32455
,,Gm13238
,,Mir1942
,,Nr4a1
,,Ttll4
,,Fbxw16
,,Rtp1
,,Ssb
,,Cyp2c38
,,Gm11827
,,Ndufv3
,,Suds3
,,Ica1
,,Tsr1
,,Fut11
,,C230024C17Rik
,,Ckb
,,Gm10509
,,Sugt1
,,Nfkb2
,,Setx
,,Clint1
,,Casp2
,,Nacc2
,,Nags
,,Tnpo3
,,Fam222a
,,Tssk6
,,Hmgxb3
,,Set
,,Ccne1
,,Nqo1
,,Mir3089
,,Naa15
,,4930528A17Rik
,,Mir7019
,,Hist4h4
,,Fam91a1
,,Mir3091
,,Mpv17
,,Cdrt4
,,Tnfsf11
,,Gm17399
,,S100a10
,,Sumo1
,,Smim10l1
,,Kdm5a
,,Pm20d1
,,Slc39a2
,,Elob
,,Itsn2
,,4930455D15Rik
,,Orai3
,,Snord65
,,D930016D06Rik
,,Cog3
,,1700099I09Rik
,,Ankrd26
,,Mir6929
,,Zscan29
,,Kat6b
,,Sugct
,,Chtop
,,Pdcd11
,,Exosc6
,,Sidt2
,,Tmem253
,,Gm13483
,,Asb2
,,Cux2
,,Cnnm3
,,Susd4
,,A230108P19Rik
,,Trnt1
,,Btg2
,,Slc22a1
,,Rogdi
,,Mtfmt
,,Msto1
,,Gosr2
,,Naa20
,,Rapsn
,,Fip1l1
,,Chmp4b
,,Riok2
,,Telo2
,,Rab35
,,E030003E18Rik
,,Unkl
,,Plrg1
,,1700073E17Rik
,,9330111N05Rik
,,Cluh
,,Hist1h4b
,,Nup214
,,Taf1
,,Gimap1
,,6720468P15Rik
,,Creb1
,,Pbx3
,,Pdcd6ip
,,Cep57
,,Esrra
,,Slc47a1
,,AF357399
,,Kcnn1
,,Toe1
,,Sf3a2
,,Tcea3
,,Serpine3
,,4930567K20Rik
,,Exog
,,Rictor
,,Sec61a2
,,Mir7237
,,Rnase10
,,4933438B17Rik
,,Galnt11
,,Crtc3
,,Rab33b
,,Mfsd2a
,,Esrrg
,,Pdf
,,Crb2
,,Eif3b
,,Snord2
,,Stac3
,,Sun1
,,Pir
,,Snord52
,,Eif5a
,,Tmem60
,,S100z
,,Cd2ap
,,Srp54b
,,Selenos
,,Snord67
,,Fam149a
,,Eci3
,,Mir693
,,Gm16523
,,Grk5
,,Gm10785
,,Phc2
,,Zswim6
,,Abi1
,,Tnk2os
,,Ptpn9
,,Heatr9
,,Adnp
,,Mir7659
,,Trim33
,,Cyb561a3
,,Naa40
,,Vps28
,,Lmna
,,Gm13205
,,Cntf
,,Mir1258
,,Man1b1
,,Snta1
,,1700024P04Rik
,,C920021L13Rik
,,Ccdc65
,,Marcksl1-ps4
,,Cnp
,,Ccdc181
,,Gldnos
,,Elovl1
,,Ganc
,,Traf3
,,Wdr7
,,Xkr8
,,Mrps24
,,Aasdh
,,Sfxn2
,,H2afx
,,Mycn
,,Ankle1
,,Srsf6
,,Rpl10a
,,Gm32885
,,Anapc11
,,4833415N18Rik
,,Snord4a
,,Tg
,,Lctl
,,Gfpt1
,,Rnf138
,,Vipas39
,,Slf2
,,Ap2b1
,,Zfp341
,,Ube2e3
,,H2-Q7
,,Otub1
,,Serpina1f
,,Capn15
,,Nbeal2
,,Trim14
,,Zbtb44
,,Ebag9
,,Rad9b
,,Hlcs
,,Klf6
,,Trim11
,,Bcl10
,,Pigs
,,Zfp771
,,Wdr55
,,Commd7
,,Tex44
,,Zfp446
,,Sema4b
,,Pikfyve
,,Ncoa6
,,Taf3
,,1700030K09Rik
,,Tekt2
,,0610009E02Rik
,,Fam45a
,,B930092H01Rik
,,Scimp
,,Parp12
,,Noxa1
,,Dctn4
,,Atad3aos
,,Stard3
,,5033406O09Rik
,,Gm20750
,,Rprd1b
,,Letmd1
,,C730027H18Rik
,,Pik3ca
,,Tmem59
,,A530072M11Rik
,,Slc34a2
,,Pacrgl
,,Cfap70
,,Cbfb
,,Xpo4
,,Bc1
,,Obox7
,,Usp9x
,,A430046D13Rik
,,Adam10
,,Stpg1
,,Cyp4a31
,,Fam122a
,,Mir7017
,,Kmt5b
,,D330050G23Rik
,,Cep120
,,Gm11715
,,4930405J17Rik
,,Cc2d1a
,,2900005J15Rik
,,Pom121l2
,,Lhx1
,,Fam161a
,,2610020C07Rik
,,Snrnp27
,,Snrnp35
,,F9
,,Mir706
,,Asb15
,,Nicn1
,,Ap3s2
,,Trap1
,,Sbf1
,,Nudt16l1
,,Mirlet7a-1
,,Thop1
,,Tshz2
,,Atg4c
,,Sav1
,,Elane
,,Cyp2c53-ps
,,Sema4f
,,Snhg17
,,Top2b
,,Mrpl4
,,Pappa2
,,Ddx27
,,Faim
,,Klhl8
,,Ttll3
,,Ube4bos3
,,Cadps2
,,Recql5
,,Gfi1b
,,Nmt1
,,Ndufs3
,,Ermp1
,,Casp8
,,Ssr3
,,Mir6964
,,Pih1d2
,,Zfp839
,,Tnfaip6
,,Chrnb1
,,4930432M17Rik
,,Adgra3
,,Bmp8a
,,Neil2
,,Acer3
,,4930478L05Rik
,,Neurl1a
,,Krt4
,,Zfp467
,,Gm16677
,,Atg12
,,Gm5512
,,Ncf1
,,Stradb
,,Ring1
,,Ap4s1
,,Kif3a
,,Mrps10
,,Ccdc92
,,Gmnn
,,Zcchc9
,,Capza3
,,Phactr4
,,Tgds
,,4930417O22Rik
,,Med4
,,Gatad2b
,,Vegfc
,,Abhd16a
,,Strn
,,1700030C14Rik
,,Uqcrfs1
,,Gm4262
,,Tmed2
,,Ints14
,,Eipr1
,,Gm30731
,,Adh6a
,,Ift172
,,D430042O09Rik
,,Dgkq
,,Lrtm2
,,Pappa
,,Lyzl1
,,Ghitm
,,Smok3c
,,Vps25
,,Igf2bp3
,,Psmc3ip
,,Naa60
,,Urml
,,Mir12203
,,Lrch1
,,2310010J17Rik
,,Nsf
,,Ap2m1
,,Nxt1
,,Taldo1
,,Cd68
,,Stim1
,,Kti12
,,Trps1
,,Gm3086
,,Otc
,,Zfp609
,,Pcnx4
,,Far2
,,Ankrd42
,,Gadd45a
,,Pole4
,,Dnah11
,,1700009N14Rik
,,Ovol3
,,Pip4k2b
,,Cwc22
,,Cd59a
,,Qrich2
,,Mir6368
,,Plekhf2
,,Pik3cb
,,Atp5c1
,,Als2cl
,,A730020M07Rik
,,Ppp3cb
,,Mir26a-2
,,Togaram1
,,St6galnac6
,,Polr2j
,,Reep4
,,Zfp113
,,Gm20594
,,Plekhs1
,,Abitram
,,Olfr225
,,Jmjd4
,,Tbl2
,,Mir8099-1
,,Mrgbp
,,Anks1
,,Trappc1
,,1700054M17Rik
,,Tcta
,,Fbn2
,,Magt1
,,Ctnnbip1
,,Ttc17
,,Gria3
,,Coasy
,,Atf3
,,Gm15787
,,Hinfp
,,Socs4
,,Tgfbr3
,,Rpl35a
,,Plin1
,,Timeless
,,Ntan1
,,Il22ra1
,,Smg5
,,Ubr7
,,Rnaseh2a
,,Cenps
,,Arfgef1
,,Pnpla2
,,Bnip3l
,,Fbxo47
,,Usp32
,,Ing2
,,Rnf227
,,Lrrc55
,,Uqcrh
,,Ppp1r2-ps9
,,Dynll2
,,Kansl2
,,Gm9895
,,Phldb1
,,Vps13a
,,Xpa
,,Thumpd3
,,Hexa
,,Map1lc3a
,,Mir7042
,,Tnip2
,,Dhdds
,,Pex6
,,Top3a
,,Pdpr
,,Pycard
,,Tbp
,,Itga9
,,Patj
,,Oxt
,,Wdr3
,,4632427E13Rik
,,Commd1
,,Rpsa
,,Usp38
,,Rpl14
,,Atp10d
,,Oaz2
,,Pex11b
,,Oxct2a
,,Wdr53
,,Timm23
,,Gtf3c6
,,Acsm4
,,Dnajc19
,,5430434I15Rik
,,Atp5g2
,,Exosc8
,,Tulp4
,,Rnf34
,,Hoga1
,,Rrp12
,,Tmem232
,,Tmem237
,,Gpr89
,,Paxip1
,,Zc3h10
,,Gdpgp1
,,Taf6l
,,Klhl2
,,Zfp747
,,Dhx37
,,Fam186a
,,Lias
,,Tbrg4
,,Stip1
,,Noxo1
,,Gfm2
,,Snord89
,,Hsph1
,,Ghdc
,,Rcc1
,,1700123O20Rik
,,Pde6g
,,Ing4
,,Gpr180
,,Peg10
,,Lgi2
,,Arfgap1
,,Efcab12
,,Zfyve21
,,Tmem165
,,Crb3
,,Tmem11
,,Phb2
,,Agmo
,,Rptor
,,LOC102634389
,,Tmem256
,,Grm8
,,Ifitm1
,,Myl12a
,,Wdr77
,,Slc17a4
,,Chaf1a
,,Pgam5
,,Ubap1
,,Dnajc6
,,Mmp23
,,Prps1l1
,,Ihh
,,Wipf3
,,Ahcyl2
,,Fancl
,,Parg
,,Mlec
,,Snord16a
,,1700037H04Rik
,,Agbl3
,,Gucy1b2
,,Kif20a
,,Ccdc88c
,,Pcmt1
,,Fastkd3
,,Mir6928
,,Gm5
,,Zfp296
,,Rpl4
,,Rpl13a
,,Pgpep1l
,,Ctso
,,1700125H20Rik
,,Pold2
,,Gask1b
,,Wnt7b
,,Cyp2c54
,,Zfp608
,,Arl1
,,Cd82
,,Tmem223
,,D630039A03Rik
,,Cdc42bpa
,,Rab2b
,,Slc26a6
,,Mir6978
,,Adam12
,,Tifa
,,Timm8b
,,Hist1h2ab
,,Ccnyl1
,,Duxbl3
,,Lekr1
,,Prss43
,,Mir1961
,,Fbxl14
,,Polr2f
,,Tcirg1
,,Ing5
,,Mir8093
,,Naip1
,,Krr1
,,Eif2s2
,,1700012C14Rik
,,Rps28
,,Sltm
,,Lin52
,,8030462N17Rik
,,Ciao1
,,Tmem87b
,,Mfsd14a
,,Polr2e
,,Gm5122
,,Snord110
,,Trrap
,,Pip5k1c
,,Rtn4
,,Gm16973
,,Gm20756
,,Cfap53
,,Arih1
,,Uhmk1
,,Cfdp1
,,Gfral
,,Slc49a4
,,Rnf19a
,,Mir148a
,,Snhg11
,,Cdipt
,,Slc35a1
,,Lockd
,,Eif3k
,,Elf2
,,Tctn1
,,St7
,,Babam2
,,Dus2
,,Colq
,,Gga3
,,Zfp991
,,Sf3b4
,,Macrod2
,,Akr1c12
,,Nfat5
,,Fkbp2
,,Cdh19
,,Calcrl
,,Mtmr6
,,Nfxl1
,,Zbtb37
,,Cyc1
,,Sod2
,,Tmem115
,,4930452A19Rik
,,Slc38a7
,,Txk
,,Mir6972
,,Rabl6
,,Ren2
,,Mir670
,,E4f1
,,Ankrd12
,,Tead4
,,Hcls1
,,Polr3a
,,Zbtb12
,,Wdr61
,,Hgsnat
,,Spn
,,Prim1
,,Sil1
,,Pam16
,,Aldh7a1
,,1110038B12Rik
,,Npm3
,,Tmprss9
,,Raver1
,,B130024G19Rik
,,Rprl2
,,L3mbtl1
,,Vps35
,,Bard1
,,Zfp800
,,St7l
,,Mir346
,,Mir681
,,Pex2
,,Fitm1
,,E230025N22Rik
,,Eppk1
,,Lsm14a
,,Dcun1d3
,,Arl10
,,Dcdc2c
,,Deaf1
,,Btbd7
,,Adap1
,,Sec61a1
,,Ugt1a7c
,,Gba
,,Gm20362
,,Nop14
,,Sf3b2
,,Cry1
,,Cdk9
,,Necab2
,,Gm5741
,,Fgf20
,,Gal
,,Gart
,,Rdh14
,,Itgam
,,Limd1
,,Cdk2ap2
,,Zzz3
,,Ccdc85a
,,Pgls
,,Med6
,,Tirap
,,Lrrc32
,,Gm14762
,,Gm38407
,,Zar1l
,,Slc44a3
,,Herpud2
,,Zfp960
,,1110032A03Rik
,,Ttyh2
,,Zfp605
,,Hist1h2bk
,,Cdk5r1
,,Bud13
,,Rcn3
,,Prom1
,,Gm5464
,,Hells
,,1700061J23Rik
,,Mir6539
,,Sf3b6
,,Mir6516
,,Ephx3
,,Cttn
,,Gatb
,,Aif1l
,,Kansl1l
,,Zbtb11
,,Bscl2
,,Tfdp1
,,Rps18
,,Vhl
,,Srebf2
,,Ciao2a
,,Tes
,,Ppcs
,,Mlx
,,Hic2
,,Rbfa
,,Mms19
,,Gtf3c2
,,Mbp
,,Tnfsf13
,,Abhd13
,,Sf3a3
,,Adam4
,,Ndfip2
,,Atp5mpl
,,Prkaca
,,Ptdss1
,,Rsad1
,,Med17
,,Fan1
,,Gm10791
,,Rabl3
,,A230103J11Rik
,,Ddx19b
,,Rint1
,,Nmnat3
,,Eif3l
,,Rsf1os2
,,Akap2
,,Gm5475
,,Zfp82
,,Mkrn2
,,Ccr7
,,Epb41l4aos
,,4930449E18Rik
,,Mfap1a
,,Gna13
,,6030471H07Rik
,,Nudt5
,,Ndufs8
,,Strap
,,Zfp260
,,Rfx7
,,B3gat1
,,Pros1
,,Pxt1
,,Syce2
,,Sync
,,Slk
,,Trmt1l
,,Kank3
,,Rec8
,,Appbp2
,,Ddt
,,Bloodlinc
,,Tff3
,,Mir30c-2
,,Dtd2
,,Clec10a
,,Rnf168
,,Mir6399
,,Npas1
,,Cdh1
,,Fzd4
,,Zfp868
,,Poldip2
,,Cdyl
,,Sft2d2
,,Moap1
,,Mapre2
,,Arcn1
,,Cldn34c1
,,Olfr695
,,Abi2
,,Lpin3
,,Ndufs2
,,Slc25a16
,,4932414J04Rik
,,Mysm1
,,Ufsp2
,,Ube3c
,,Robo1
,,Trappc8
,,Timm10
,,Ssu72
,,Them5
,,Vps4b
,,D130043K22Rik
,,Slc41a1
,,Zdhhc5
,,Olfr784
,,Dctn6
,,Emilin1
,,Akap5
,,Klhl22
,,Higd1a
,,Memo1
,,Tll2
,,4930528P14Rik
,,Fhod3
,,Hectd2
,,Zmynd19
,,Steap3
,,Desi1
,,Gpc5
,,1700012B07Rik
,,Tmem269
,,Gmeb1
,,Slc5a1
,,Eif5b
,,Ralbp1
,,Asb8
,,4930474G06Rik
,,Kcmf1
,,Tmem68
,,Lss
,,Spata17
,,Spryd3
,,Socs7
,,Esrp2
,,Zfp426
,,Polr2d
,,5730408K05Rik
,,Ercc6l2
,,Anapc4
,,Cdk7
,,Mfhas1
,,Nck1
,,Secisbp2
,,Psmc1
,,Ppdpf
,,Mtx1
,,Cox7b
,,Lrrc25
,,Bcl7a
,,Dnase1l2
,,C730029A08Rik
,,Dap3
,,Papln
,,Themis
,,Gm7244
,,Gm8579
,,4931414P19Rik
,,Gnas
,,Mrrf
,,Mrps31
,,Pisd-ps2
,,Rsbn1l
,,Cnot4
,,Tmem189
,,Mul1
,,Nfe2
,,Mir760
,,Trip12
,,Nr1h2
,,Jazf1
,,Cdca7l
,,S100pbp
,,9330162012Rik
,,Rbfox1
,,Mir12198
,,Chrm3
,,Agrp
,,4930503H13Rik
,,E130317F20Rik
,,Napepld
,,Tmprss11e
,,C1qbp
,,Mir3072
,,Serinc4
,,Zbed6
,,Vmn1r221
,,Gatad2a
,,Srbd1
,,Tdp1
,,Rpl7a
,,Sec62
,,Hist1h1t
,,Gm19522